stop,1,2,3,4,5,6,6X,7,7X,A,B,C,D,E,F,FS,FX,G,GS,H,J,L,M,N,Q,R,W,Z
101,21.788659793814432,,,,,,,,,,,,,,,,,,,,,,,,,,,
103,186.36707472535713,,,,,,,,,,,,,,,,,,,,,,,,,,,
104,139.38779170792773,,,,,,,,,,,,,,,,,,,,,,,,,,,
106,110.8190862477998,,,,,,,,,,,,,,,,,,,,,,,,,,,
107,109.70421056578306,,,,,,,,,,,,,,,,,,,,,,,,,,,
108,119.8810786997113,,,,,,,,,,,,,,,,,,,,,,,,,,,
109,119.63710197835427,,,,,,,,,,,,,,,,,,,,,,,,,,,
110,89.73592462834958,,,,,,,,,,,,,,,,,,,,,,,,,,,
111,89.91813566359656,,,,,,,,,,,,,,,,,,,,,,,,,,,
112,100.45982885222622,,,,,,,,,,,,,,,,,,,,,,,,,,,
113,76.47828804090521,,,,,,,,,,,,,,,,,,,,,,,,,,,
114,74.97563677682038,,,,,,,,,,,,,,,,,,,,,,,,,,,
115,63.81567086450146,,,,,,,,,,,,,,,,,,,,,,,,,,,
116,58.87109175267493,,,,,,,,,,,,,,,,,,,,,,,,,,,
117,60.65936937789982,,,,,,,,,,,,,,,,,,,,,,,,,,,
118,59.678856168923396,,,,,,,,,,,,,,,,,,,,,,,,,,,
119,57.85071489442288,,,,,,,,,,,,,,,,,,,,,,,,,,,
120,38.16229523719345,-43.68572233173754,5.539107022119197,,,,,,,,,,,,,,,,,,,,,,,,,
121,43.25000473440015,,,,,,,,,,,,,,,,,,,,,,,,,,,
122,56.244919988637434,,,,,,,,,,,,,,,,,,,,,,,,,,,
123,52.49109932771518,-53.864509997183895,-1.492610837438427,,,,,,,,,,,,,,,,,,,,,,,,,
124,55.87908342013067,,,,,,,,,,,,,,,,,,,,,,,,,,,
125,54.659577691506485,,,,,,,,,,,,,,,,,,,,,,,,,,,
126,54.075163336805225,,,,,,,,,,,,,,,,,,,,,,,,,,,
127,54.54054686768424,-54.73018163897493,5.096287396371501,,,,,,,,,,,,,,,,,,,,,,,,,
128,64.48279801479539,-48.73683469445227,9.660410909527815,,,,,,,,,,,,,,,,,,,,,,,,,
129,67.43351955307263,,,,,,,,,,,,,,,,,,,,,,,,,,,
130,67.27843007290977,,,,,,,,,,,,,,,,,,,,,,,,,,,
131,68.4572504708098,,,,,,,,,,,,,,,,,,,,,,,,,,,
132,70.43342595165323,-74.89566319346663,-8.164832392166286,,,,,,,,,,,,,,,,,,,,,,,,,
133,71.18122336899916,,,,,,,,,,,,,,,,,,,,,,,,,,,
134,56.850885332828334,,,,,,,,,,,,,,,,,,,,,,,,,,,
135,30.111542467569357,,,,,,,,,,,,,,,,,,,,,,,,,,,
136,30.60570968658271,,,,,,,,,,,,,,,,,,,,,,,,,,,
137,43.67854959711031,-100.16960011264433,-19.36780007208939,,,,,,,,,,,,,,,,,,,,,,,,,
138,37.49549874965268,,,,,,,,,,,,,,,,,,,,,,,,,,,
139,40.34679077521534,,,,,,,,,,,,,,,,,,,,,,,,,,,
142,33.89344262295082,,,,,,,,,,,,,,,,,,,,,,,,,,,
201,,14.4472049689441,,,,,,,,,,,,,,,,,,,,,,,,,,
204,,21.099184311003125,,,,,,,,,,,,,,,,,,,,,,,,,,
205,,-21.43092676154113,,,,,,,,,,,,,,,,,,,,,,,,,,
206,,-23.23950017355085,,,,,,,,,,,,,,,,,,,,,,,,,,
207,,-28.642398472752514,,,,,,,,,,,,,,,,,,,,,,,,,,
208,,63.776861036432734,,,691.4,,,,,,,,,,,,,,,,,,,,,,,
209,,37.71780847316214,,,,,,,,,,,,,,,,,,,,,,,,,,
210,,37.86455919161954,,,,,,,,,,,,,,,,,,,,,,,,,,
211,,34.14332066376194,,,,,,,,,,,,,,,,,,,,,,,,,,
212,,33.448363771206076,,,,,,,,,,,,,,,,,,,,,,,,,,
213,,60.12994884731273,,,-0.6830544690714184,,,,,,,,,,,,,,,,,,,,,,,
214,,52.627251068600664,,,-27.082550077041603,,,,,,,,,,,,,,,,,,,,,,,
215,,48.96244131455399,,,-34.21213405238829,,,,,,,,,,,,,,,,,,,,,,,
216,,40.10437250367879,,,-41.002966101694916,,,,,,,,,,,,,,,,,,,,,,,
217,,43.68288837502627,,,-31.927812018489988,,,,,,,,,,,,,,,,,,,,,,,
218,,46.180505921098735,,,-24.45627889060092,,,,,,,,,,,,,,,,,,,,,,,
219,,46.62108471725878,,,-23.47731124807396,,,,,,,,,,,,,,,,,,,,,,,
220,,49.468222268937005,,,-24.952195685670265,,,,,,,,,,,,,,,,,,,,,,,
221,,54.56649849344825,,,-12.404190207156308,,,,,,,,,,,,,,,,,,,,,,,
222,,88.22348798674399,,,31.409532087498185,,,,,,,,,,,,,,,,,,,,,,,
224,,-24.20071810757533,19.665664541678737,,,,,,,,,,,,,,,,,,,,,,,,,
225,,-41.37827372571107,5.623152709359601,,,,,,,,,,,,,,,,,,,,,,,,,
226,,-43.11968459588849,2.9285714285714306,,,,,,,,,,,,,,,,,,,,,,,,,
227,,-49.89583920022529,0.6044745484400664,,,,,,,,,,,,,,,,,,,,,,,,,
228,,-110.46078569417065,-27.449381232728584,,,,,,,,,,,,,,,,,,,,,,,,,
229,,-94.0896930442129,-8.036044695422325,,,,,,,,,,,,,,,,,,,,,,,,,
230,,-106.15738524359335,-18.92720173014538,,,,,,,,,,,,,,,,,,,,,,,,,
231,,-126.22131089833849,-39.31833473507149,,,,,,,,,,,,,,,,,,,,,,,,,
232,,-115.74795832159955,-24.67393968520966,,,,,,,,,,,,,,,,,,,,,,,,,
233,,-116.1831526330611,-24.6090952781449,,,,,,,,,,,,,,,,,,,,,,,,,
234,,-93.91252416459542,-7.543469902679322,1.8609813084112155,-41.87778756730299,,,,,,,,,,,,,,,,,,,,,,,
235,,-98.36098779134295,-6.5895786503419576,10.736674322825916,-30.118695652173912,,,,,,,,,,,,,,,,,,,,,,,
236,,-88.3801331853496,-1.6132163883215185,,,,,,,,,,,,,,,,,,,,,,,,,
237,,-93.25027746947835,-6.549585486002645,,,,,,,,,,,,,,,,,,,,,,,,,
238,,-96.19575471698113,-11.317986303015738,,,,,,,,,,,,,,,,,,,,,,,,,
239,,-93.72738623751387,3.246927160552872,15.373514969111358,-16.807149758454106,,,,,,,,,,,,,,,,,,,,,,,
241,,-89.06784128745838,,,-13.326666666666668,,,,,,,,,,,,,,,,,,,,,,,
242,,-81.47488901220865,,,-14.159999999999998,,,,,,,,,,,,,,,,,,,,,,,
243,,-80.6600998890122,,,-14.595555555555555,,,,,,,,,,,,,,,,,,,,,,,
244,,16.031076581576027,,,74.25555555555556,,,,,,,,,,,,,,,,,,,,,,,
245,,-92.63082685904551,,,-41.96,,,,,,,,,,,,,,,,,,,,,,,
246,,-83.30188679245283,,,-36.96666666666667,,,,,,,,,,,,,,,,,,,,,,,
247,,-2.573529411764706,,,24.344444444444445,,,,,,,,,,,,,,,,,,,,,,,
248,,,-8.615811606391926,,,,,,,,,,,,,,,,,,,,,,,,,
249,,,-11.627922624053827,,,,,,,,,,,,,,,,,,,,,,,,,
250,,,21.48901190874743,-6.486060510058609,85.8,,,,,,,,,,,,,,,,,,,,,,,
251,,,-71.30511980486872,,,,,,,,,,,,,,,,,,,,,,,,,
252,,,-77.23941843225406,,,,,,,,,,,,,,,,,,,,,,,,,
253,,,-63.920620307044814,,,,,,,,,,,,,,,,,,,,,,,,,
254,,,-70.0624611411354,,,,,,,,,,,,,,,,,,,,,,,,,
255,,,-57.888531924513934,,,,,,,,,,,,,,,,,,,,,,,,,
256,,,-48.73050379572119,,,,,,,,,,,,,,,,,,,,,,,,,
257,,,-9.881642512077295,,,,,,,,,,,,,,,,,,,,,,,,,
301,,,64.66592574792743,,,,,,,,,,,,,,,,,,,,,,,,,
302,,,130.90714044238385,,,,,,,,,,,,,,,,,,,,,,,,,
401,,,,-21.944690265486727,,,,,,,,,,,,,,,,,,,,,,,,
402,,,,-69.44183358246138,,,,,,,,,,,,,,,,,,,,,,,,
405,,,,-48.95088512241055,,,,,,,,,,,,,,,,,,,,,,,,
406,,,,-71.47391713747646,,,,,,,,,,,,,,,,,,,,,,,,
407,,,,-62.538060263653485,,,,,,,,,,,,,,,,,,,,,,,,
408,,,,-57.5821186440678,,,,,,,,,,,,,,,,,,,,,,,,
409,,,,106.3324881911642,,,,,,,,,,,,,,,,,,,,,,,,
410,,,,23.37155720338983,,,,,,,,,,,,,,,,,,,,,,,,
411,,,,22.353435230024214,,,,,,,,,,,,,,,,,,,,,,,,
412,,,,9.443704600484262,,,,,,,,,,,,,,,,,,,,,,,,
413,,,,13.38129282365669,,,,,,,,,,,,,,,,,,,,,,,,
414,,,,-21.96124388341253,,,,,,,,,,,,,,,,,,,,,,,,
415,,,,-12.731328211626803,,,,,,,,,,,,,,,,,,,,,,,,
416,,,,4.4437924705147225,-39.36431623931624,,,,,,,,,,,,,,,,,,,,,,,
418,,,,-3.949310945667669,-44.8993915688831,,,,,,,,,,,,,,,,,,,,,,,
419,,,,-16.11082290511643,-55.03873315949587,,,,,,,,,,,,,,,,,,,,,,,
420,,,,-5.798887216854109,-46.69507822685789,,,,,,,,,,,,,,,,,,,,,,,
423,,,,-3.307302391889751,-50.54650024473813,,,,,,,,,,,,,,,,,,,,,,,
501,,,,,-12.382222222222222,,,,,,,,,,,,,,,,,,,,,,,
502,,,,,62.42099616858238,,,,,,,,,,,,,,,,,,,,,,,
503,,,,,1.13933908045977,,,,,,,,,,,,,,,,,,,,,,,
504,,,,,-15.372605363984675,,,,,,,,,,,,,,,,,,,,,,,
505,,,,,-9.865363984674332,,,,,,,,,,,,,,,,,,,,,,,
601,,,,,,51.46212121212121,89.29787234042553,,,,,,,,,,,,,,,,,,,,,
602,,,,,,19.84897959183673,101.41458072590738,,,,,,,,,,,,,,,,,,,,,
603,,,,,,39.60596546310832,120.27909887359199,,,,,,,,,,,,,,,,,,,,,
604,,,,,,-2.6948379351740694,106.73650697392358,,,,,,,,,,,,,,,,,,,,,
606,,,,,,-13.741536614645858,89.50515463917526,,,,,,,,,,,,,,,,,,,,,
607,,,,,,-27.262304921968788,92.8573883161512,,,,,,,,,,,,,,,,,,,,,
608,,,,,,41.222079743538366,125.65708084644602,,,,,,,,,,,,,,,,,,,,,
609,,,,,,3.7685109512912707,,,,,,,,,,,,,,,,,,,,,,
610,,,,,,-19.413901601830663,,,,,,,,,,,,,,,,,,,,,,
611,,,,,,-24.097703497875123,,,,,,,,,,,,,,,,,,,,,,
612,,,,,,-16.676589571755475,,,,,,,,,,,,,,,,,,,,,,
613,,,,,,110.38028451212182,155.9183848797251,,,,,,,,,,,,,,,,,,,,,
614,,,,,,60.33353631307595,,,,,,,,,,,,,,,,,,,,,,
615,,,,,,45.87466000893111,,,,,,,,,,,,,,,,,,,,,,
616,,,,,,62.27059229488897,,,,,,,,,,,,,,,,,,,,,,
617,,,,,,56.143587869930585,,,,,,,,,,,,,,,,,,,,,,
618,,,,,,53.56769374416434,,,,,,,,,,,,,,,,,,,,,,
619,,,,,,44.90912539045069,71.30355097365407,,,,,,,,,,,,,,,,,,,,,
621,,,,-7.2092309520038,-49.2085506301608,32.49199018295404,24.827455236028214,,,,,,,,,,,,,,,,,,,,,
622,,,,,,32.71334225792057,23.403780068728523,,,,,,,,,,,,,,,,,,,,,
623,,,,,,50.08859883980366,34.7081901489118,,,,,,,,,,,,,,,,,,,,,
624,,,,,,34.386724676483716,19.547748236570808,,,,,,,,,,,,,,,,,,,,,
625,,,,,,35.43322177599286,20.904925544100802,,,,,,,,,,,,,,,,,,,,,
626,,,,1.8575954379851112,-40.09466898449949,41.80296742525658,39.147164948453614,,,,,,,,,,,,,,,,,,,,,
627,,,,,,26.850334672021418,23.656809549647313,,,,,,,,,,,,,,,,,,,,,
628,,,,,,48.9512494422133,39.91535539880629,,,,,,,,,,,,,,,,,,,,,
629,,,,-12.970517186757483,-53.59466898449949,34.0239848282017,22.408934707903782,,,,,,,,,,,,,,,,,,,,,
630,,,,,,39.287951807228914,30.279706999457403,,,,,,,,,,,,,,,,,,,,,
631,,,,-11.61308015206716,-51.346497899464,37.0553376906318,29.060382916053022,,,,,,,,,,,,,,,,,,,,,
632,,,,,,50.199933065595715,37.3985473289597,,,,,,,,,,,,,,,,,,,,,
633,,,,,,51.27602572632513,38.24619538537064,,,,,,,,,,,,,,,,,,,,,
634,,,,,,38.77090263916611,23.7459499263623,,,,,,,,,,,,,,,,,,,,,
635,,,,-25.461666402661177,-63.47001303780965,47.41596424010217,24.380271790065603,,,,,,,,,,,,,,,,,,,,,
636,,,,,,68.72748538011695,41.19484536082474,,,,,,,,,,,,,,,,,,,,,
637,,,,,,53.35539682539683,25.72797563261481,,,,,,,,,,,,,,,,,,,,,
638,,,,,,53.69150326797386,27.057437407952875,,,,,,,,,,,,,,,,,,,,,
639,,,,,,85.36470588235295,90.50122729504173,,,,,,,,,,,,,,,,,,,,,
640,,,,-6.941113575162362,-46.39497320005795,7.6380681818181815,-32.31818181818182,,,,,,,,,,,,,,,,,,,,,
701,,,,,,,,-76.75372767213449,,,,,,,,,,,,,,,,,,,,
702,,,,,,,,150.29774391955695,,,,,,,,,,,,,,,,,,,,
705,,,,,,,,126.99031424330825,,,,,,,,,,,,,,,,,,,,
706,,,,,,,,82.42414743163246,,,,,,,,,,,,,,,,,,,,
707,,,,,,,,85.48758465974035,,,,,,,,,,,,,,,,,,,,
708,,,,,,,,84.0829665455414,,,,,,,,,,,,,,,,,,,,
709,,,,,,,,109.49321442584916,,,,,,,,,,,,,,,,,,,,
710,,,,,,,,118.85112035112036,,,,,,,,,,,,,,,,,,,,
711,,,,,,,,118.66897933614801,,,,,,,,,,,,,,,,,,,,
712,,,,,,,,145.6589863728418,,,,,,,,,,,,,,,,,,,,
713,,,,,,,,115.15043936429478,,,,,,,,,,,,,,,,,,,,
714,,,,,,,,99.92653090996464,,,,,,,,,,,,,,,,,,,,
715,,,,,,,,111.94819448735112,,,,,,,,,,,,,,,,,,,,
716,,,,,,,,104.70431726907631,,,,,,,,,,,,,,,,,,,,
718,,,,,,,,223.69539697250542,,,,,,,,,,,,,,,,,,,,
719,,,,,,,,1.7432636529022076,,,,,,,,,,,,,,,,,,,,
720,,,,,,,,0.7480691998764293,,,,,,,,,,,,,,,,,,,,
721,,,,,,,,41.20813167198709,,,,,,,,,,,,,,,,,,,,
723,,,,,,,,21.496846359798166,,,,,,,,,,,,,,,,,,,,
724,,,,,,,,4.185446915868603,,,,,,,,,,,,,,,,,,,,
725,,,,,,,,23.434412865135755,,,,,,,,,,,,,,,,,,,,
726,,,,,,,,13.302015755329009,,,,,,,,,,,,,,,,,,,,
901,,,,,,,,,,,,,,,,,,,-16.44025974025974,,,,,,,,,
902,,,,,,,,,,,,,,,,,,,-15.03116883116883,,,,,,,,,
A02,,,,,,,,,,23.30172594361359,,,,,,,,,,,,,,,,,,
A03,,,,,,,,,,91.35430019689163,,,,,,,,,,,,,,,,,,
A05,,,,,,,,,,59.910173432198064,,,,,,,,,,,,,,,,,,
A06,,,,,,,,,,58.11241673997738,,,,,,,,,,,,,,,,,,
A07,,,,,,,,,,68.10218465920993,,,,,,,,,,,,,,,,,,
A09,,,,,,,,,,121.82280800971891,,74.58906735751295,,,,,,,,,,,,,,,,
A10,,,,,,,,,,,,120.70635964335499,,,,,,,,,,,,,,,,
A11,,,,,,,,,,,,93.79830882933115,,,,,,,,,,,,,,,,
A12,,,,,,,,,,92.61374680574755,,173.73312176165803,,,,,,,,,,,,,,,,
A14,,,,,,,,,,,135.69179229480736,156.2734375,,,,,,,,,,,,,,,,
A15,,,,,,,,,,80.78914792007038,135.3548238135834,166.5210621761658,6.993928759431478,,,,,,,,,,,,,,,
A16,,,,,,,,,,,118.6768599093026,144.8617038069931,,,,,,,,,,,,,,,,
A17,,,,,,,,,,,116.08892021081014,144.7739219658502,,,,,,,,,,,,,,,,
A18,,,,,,,,,,,117.21799240102953,142.07196979662712,,,,,,,,,,,,,,,,
A19,,,,,,,,,,,119.16079176369654,139.65387145149833,,,,,,,,,,,,,,,,
A20,,,,,,,,,,,121.80316215222453,140.19071798784498,,,,,,,,,,,,,,,,
A21,,,,,,,,,,,133.02408383380316,150.28719513799365,,,,,,,,,,,,,,,,
A22,,,,,,,,,,,128.83506557176125,142.8398800284143,,,,,,,,,,,,,,,,
A24,,,,,,,,,,82.38738427380503,152.67149758454104,154.09641191709846,-4.778434813125109,,,,,,,,,,,,,,,
A25,,,,,,,,,,,,168.59104166666668,,96.51155660377358,,,,,,,,,,,,,,
A27,,,,,,,,,,89.43919400108919,,129.0202590673575,,37.394743935309975,,,,,,,,,,,,,,
A28,,,,,,,,,,76.91141971429768,,140.32731865284975,,46.432412398921834,,,,,,,,,,,,,,
A30,,,,,,,,,,,,129.41218750000002,,33.626448787061996,,,,,,,,,,,,,,
A31,,,,,,,,,,56.22224665912613,,126.89405440414507,,30.566206199460915,,,,,,,,,,,,,,
A32,,,,,,,,,,76.93031293200954,,149.0203626943005,,50.90761455525606,,,,,,,,,,,,,,
A33,,,,,,,,,,,,171.12666666666667,,80.37823450134772,,,,,,,,,,,,,,
A34,,,,,,,,,,95.28288509069583,,190.7740544041451,,86.3299191374663,,,,,,,,,,,,,,
A36,,,,,,,,,,67.58214988898663,,158.4866839378238,,,,,,,,,,,,,,,,
A38,,,,,,,,,,68.32851577227599,,159.33923575129535,,,,,,,,,,,,,,,,
A40,,,,,,,,,,69.09031879686648,,162.27069948186528,,,,,,,,,,,,,,,,
A41,,,,,,,,,,75.68635582924887,,165.10911917098446,,,149.97773118985972,,,,,,,,,,,,,
A42,,,,,,,,,,71.03192157848436,,171.13752590673573,,,,,,41.901688282647584,,,,,,,,,,
A43,,,,,,,,,,,,146.71108695652174,,,,,,,,,,,,,,,,
A44,,,,,,,,,,,,147.63358695652175,,,,,,,,,,,,,,,,
A45,,,,,,,,,,,,151.47217391304346,,,,,,,,,,,,,,,,
A46,,,,,,,,,,51.031774957060875,,155.2486658031088,,,,,,,,,,,,,,,,
A47,,,,,,,,,,,,150.70505494505494,,,,,,,,,,,,,,,,
A48,,,,,,,,,,52.32835867789368,,153.44014248704661,,,,,,,,,,,,,,,,
A49,,,,,,,,,,,,134.42982044198897,,,,,,,,,,,,,,,,
A50,,,,,,,,,,,,148.91114640883978,,,,,,,,,,,,,,,,
A51,,,,,,,,,,68.54399019151904,,153.81998704663212,,,,,,,,,,,,,,,,
A52,,,,,,,,,,,,53.83666666666667,,,,,,,,,,,,,,,,
A53,,,,,,,,,,,,53.42027777777778,,,,,,,,,,,,,,,,
A54,,,,,,,,,,,,69.27388888888889,,,,,,,,,,,,,,,,
A55,,,,,,,,,,109.12419143449034,,37.07693005181347,,,,,,,,,,,,,,,,
A57,,,,,,,,,,88.16236840992687,,,,,,,,,,,,,,,,,,
A59,,,,,,,,,,83.12780619794529,,,,,,,,,,,,,,,,,,
A60,,,,,,,,,,65.29824969348496,,,,,,,,,,,,,,,,,,
A61,,,,,,,,,,73.16469369635988,,,,,,,,,,,,,,,,,,
A63,,,,,,,,,,-15.696196660482375,,,,,,,,,,,,,,,,,,
A64,,,,,,,,,,-116.1969387755102,,,,,,,,,,,,,,,,,,
A65,,,,,,,,,,-118.64471243042671,,,,,,,,,,,,,,,,,,
B04,,,,,,,,,,,,,,,138.12466002681478,,,,,,,,,,,,,
B06,,,,,,,,,,,,,,,125.46528442827045,,,,,,,,,,,,,
B08,,,,,,,,,,,,,,,109.62573261827237,,,,,,,,,-96.8,38.602380952380955,,,
B10,,,,,,,,,,,,,,,104.90353380578433,,,,,,,,,,,,,
B12,,,,,,,,,,,,,72.32478135138948,,,,,,,,,,,,,,,
B13,,,,,,,,,,,,,9.347668923684582,,,,,,,,,,,,,,,
B14,,,,,,,,,,,,,15.032356467766963,,,,,,,,,,,,,,,
B15,,,,,,,,,,,,,18.422256312596982,,,,,,,,,,,,,,,
B16,,,,,,,,,,,,,5.126445902101848,,,,,,,,,,,,,,,
B17,,,,,,,,,,,,,14.748959655804768,,,,,,,,,,,,,,,
B18,,,,,,,,,,,,,15.020859782762026,,,,,,,,,,,,,,,
B19,,,,,,,,,,,,,15.100278600648895,,,,,,,,,,,,,,,
B20,,,,,,,,,,,,,18.45401325998025,,,,,,,,,,,,,,,
B21,,,,,,,,,,,,,25.97436168712089,,,,,,,,,,,,,,,
B22,,,,,,,,,,,,,11.967590633375654,,,,,,,,,,,,,,,
B23,,,,,,,,,,,,,45.060375229228384,,,,,,,,,,,,,,,
D01,,,,,,,,,,,,,-59.490072647764144,,,,,,,,,,,,,,,
D03,,,,,,,,,,,117.12206439393938,,76.12335497455695,,,,,,,,,,,,,,,
D04,,,,,,,,,,,150.22973484848484,,11.150991402000352,,,,,,,,,,,,,,,
D05,,,,,,,,,,,125.46410984848484,,4.9998069836813475,,,,,,,,,,,,,,,
D06,,,,,,,,,,,121.24753787878788,,-10.891991168969586,,,,,,,,,,,,,,,
D07,,,,,,,,,,,131.10984848484847,,5.633497104755222,,,,,,,,,,,,,,,
D08,,,,,,,,,,,130.42689393939395,,-6.640706482433101,,,,,,,,,,,,,,,
D09,,,,,,,,,,,135.5568181818182,,-4.368562293022725,,,,,,,,,,,,,,,
D10,,,,,,,,,,,132.52765151515152,,2.653275274517228,,,,,,,,,,,,,,,
D11,,,,,,,,,,,121.54876893939394,,-11.37061719045816,,,,,,,,,,,,,,,
D12,,,,,,,,,,,118.40539772727273,,-15.451135933358577,,,,,,,,,,,,,,,
D13,,,,,,,,,,,136.82725916453538,,-6.612774170907177,,,,,,,,,,,,,,,
D14,,,,,,,,,,,126.1109335038363,,-10.221126513423407,60.58264824797844,,,,,,,,,,,,,,
D15,,,,,,,,,,,116.29550298380222,,-29.92112651342341,,123.84759624592989,,,,,,,,29.62109413143248,,,,,
D16,,,,,,,,,,,109.71035805626597,,-42.93819968415511,,114.34776862669986,,,,,,,,3.790572209745143,,,,,
D17,,,,,,,,,,,107.48820687695368,,-41.36258992805755,,110.92710208772266,,,,,,,,-1.1211917781466667,,,,,
D18,,,,,,,,,,,,,,,113.85527676690288,,,,,,,,7.4333561175666425,,,,,
D19,,,,,,,,,,,,,,,102.60445316989083,,,,,,,,-10.120044429254953,,,,,
D20,,,,,,,,,,,105.3216467746519,,-46.77966309878926,,107.51972802145183,,,,,,,,-4.767576408553854,,,,,
D21,,,,,,,,,,,107.60063228189826,,-42.23332163537462,,112.26715838509317,,,,,,,,22.606802721088435,,,,,
D22,,,,,,,,,,,110.66947286160841,,-40.456217379037945,,,,,,,,,,,,,,,
D24,,,,,,,,,,,169.8717320261438,,,,,,,,,,,,,,62.85637717642123,,,
D25,,,,,,,,,,,139.19359192952544,,,,,,,,,,,,,,32.94245856933082,,,
D26,,,,,,,,,,,147.77575305484513,,,,,-25.949515190691663,,,,,,,,,40.999643381581706,,,
D27,,,,,,,,,,,,,,,,,,,,,,,,,60.55688063771765,,,
D28,,,,,,,,,,,140.34887474961704,,,,,,,,,,,,,,42.064411579609825,,,
D29,,,,,,,,,,,,,,,,,,,,,,,,,23.603996224040277,,,
D30,,,,,,,,,,,,,,,,,,,,,,,,,23.17172225718481,,,
D31,,,,,,,,,,,146.83739837398372,,,,,,,,,,,,,,49.324092720788755,,,
D32,,,,,,,,,,,,,,,,,,,,,,,,,31.652129221732746,,,
D33,,,,,,,,,,,,,,,,,,,,,,,,,49.47318019718901,,,
D34,,,,,,,,,,,,,,,,,,,,,,,,,49.05436333123558,,,
D35,,,,,,,,,,,220.57278190173207,,,,,,,,,,,,,,101.15492972519404,,,
D37,,,,,,,,,,,,,,,,,,,,,,,,,115.42048458149779,,,
D38,,,,,,,,,,,,,,,,,,,,,,,,,113.75155233899727,,,
D39,,,,,,,,,,,169.60455991516437,,,,,,,,,,,,,,93.79413677365218,,,
D40,,,,,,,,,,,34.37672911511724,,,,,,,,,,,,,,102.43879798615481,,,
D41,,,,,,,,,,,,,,,,,,,,,,,,,63.06263305440213,,,
D42,,,,,,,,,,,,,,,72.35257936507936,,,,,,,,,,86.21111649769196,,,
D43,,,,,,,,,,,,,33.21288263506841,,31.7433489827856,,,,,,,,,11.696145124716555,40.830857981959305,,,
E01,,,,,,,,,,,,,,38.56944070080863,,,,,,,,,,,,,,
F01,,,,,,,,,,,,,,,-89.48151114670938,,,,,,,,,,,,,
F02,,,,,,,,,,,,,,,26.116358678032686,,,,,,,,,,,,,
F03,,,,,,,,,,,,,,,112.524276751149,,,,,,,,,,,,,
F04,,,,,,,,,,,,,,,113.0169822835021,,,,,,,,,,,,,
F05,,,,,,,,,,,,,,,105.3692240212064,,,,,,,,,,,,,
F06,,,,,,,,,,,,,,36.761421832884096,102.49237179853921,,,,,,,,,,,,,
F07,,,,,,,,,,,,,,,126.6066803974293,,,,,,,,,,,,,
F09,,,,,,,,,,,,,,63.64103773584905,,,,,,,,,8.193621228395664,,,,,
F11,,,,,,,,,,,,,,55.52732479784366,,,,,,,,,1.0340664974123612,,,,,
F12,,,,,,,,,,,,,,44.49588948787062,,,,,,,,,6.168660287081341,,,,,
F14,,,,,,,,,,,,,,,105.70949145962733,,,,,,,,,,,,,
F15,,,,,,,,,,,,,,,106.2954031503431,,,,,,,,,,,,,
F16,,,,,,,,,,,,,,,108.08327160012476,,,,,,,,,,,,,
F18,,,,,,,,,,,,,,,114.0544779320025,,,,,,,,,,,,,
F20,,,,,,,,,,,,,,,154.39013333857773,,,69.63568872987477,,,,,,,,,,
F21,,,,,,,,,,,,,,,143.18913231592197,,,67.93942307692308,,,,,,,,,,
F22,,,,,,,,,,,,,,,143.34561831340466,,,59.59151386404294,,,,,,,,,,
F23,,,,,,,,,,,,,,,124.0080014224751,,,55.22463768115942,,,,,,,,,,
F24,,,,,,,,,,,,,,,111.9457284515637,,,44.174418604651166,,,,,,,,,,
F25,,,,,,,,,,,,,,,106.23125996810208,,,44.577159869677565,,,,,,,,,,
F26,,,,,,,,,,,,,,,111.93090111642744,,,54.17029547241883,,,,,,,,,,
F27,,,,,,,,,,,,,,,141.19296338672768,,,39.92277504472272,,,,,,,,,,
F29,,,,,,,,,,,,,,,139.25248994445508,,,,,,,,,,,,,
F30,,,,,,,,,,,,,,,202.8200228832952,,,,,,,,,,,,,
F31,,,,,,,,,,,,,,,133.86016767401054,,,,,,,,,,,,,
F32,,,,,,,,,,,,,,,132.37317215831547,,,,,,,,,,,,,
F33,,,,,,,,,,,,,,,114.21272177812439,,,,,,,,,,,,,
F34,,,,,,,,,,,,,,,122.35732111522714,,,,,,,,,,,,,
F35,,,,,,,,,,,,,,,102.16582761250953,,,,,,,,,,,,,
F36,,,,,,,,,,,,,,,-23.285515873015875,,,,,,,,,,,,,
F38,,,,,,,,,,,,,,,-10.090636411058945,,,,,,,,,,,,,
F39,,,,,,,,,,,,,,,-28.301917989417994,,,,,,,,,,,,,
G05,,,,,,,,,,,,,,6.41672077922078,,,,,,,59.749404107077375,,,,,,,
G06,,,,,,,,,,,,,,136.27121212121213,,,,,,,102.56440227356069,,,,,,,
G07,,,,,,,,,,,,,,59.684036796536795,,,,,,,,,,,,,,
G08,,,,,,,,,,,,,,35.29174528301887,112.63537197017374,,,,,,,,-2.5089102626696587,,,49.559120617944146,,
G09,,,,,,,,,,,,,,,,,,,,,,,38.136571135631286,,,85.95016339869282,,
G10,,,,,,,,,,,,,,,,,,,,,,,10.412838101747873,,,53.76277480689245,,
G11,,,,,,,,,,,,,,,,,,,,,,,-0.893516258177911,,,44.14297385620915,,
G12,,,,,,,,,,,,,,,,,,,,,,,7.3170832926472045,,,51.57887700534759,,
G13,,,,,,,,,,,,,,,,,,,,,,,14.249804706571624,,,56.16763220439691,,
G14,,,,,,,,,,,,,,49.18659029649595,119.2919884814158,,,,,,,,33.16126354848159,,,73.49814319667261,,
G15,,,,,,,,,,,,,,,,,,,,,,,27.615760179669955,,,69.00415923945336,,
G16,,,,,,,,,,,,,,,,,,,,,,,28.464749536178108,,,70.53015448603684,,
G18,,,,,,,,,,,,,,,,,,,,,,,21.68361244019139,,,65.66834627251916,,
G19,,,,,,,,,,,,,,,,,,,,,,,36.70283663704717,,,78.76729371951826,,
G20,,,,,,,,,,,,,,,,,,,,,,,42.835782638414216,,,88.29375684283866,,
G21,,,,,,,,,,,,,,76.95397574123989,,,,,,,,,56.59367981642417,,,113.98765718408575,,
G22,,,,,,,,,,,,,,,,,,38.96148255813954,,,,,,,,,,
G24,,,,,,,,,,,,,,,,,,54.34378354203936,,,,,,,,,,
G26,,,,,,,,,,,,,,,,,,13.411237419122932,,,,,,,,,,
G28,,,,,,,,,,,,,,,,,,35.17563803019411,,,,,,,,,,
G29,,,,,,,,,,,,,,,,,,32.457468694096605,,,,,,,,,,
G30,,,,,,,,,,,,,,,,,,17.90447227191413,,,,,,,,,,
G31,,,,,,,,,,,,,,,,,,31.848602415026832,,,,,,,,,,
G32,,,,,,,,,,,,,,,,,,35.16987924865832,,,,,,,,,,
G33,,,,,,,,,,,,,,,,,,36.64677996422183,,,,,,,,,,
G34,,,,,,,,,,,,,,,,,,34.60908989266547,,,,,,,,,,
G35,,,,,,,,,,,,,,,,,,35.920270572450804,,,,,,,,,,
G36,,,,,,,,,,,,,,,,,,31.80455053667263,,,,,,,,,,
H01,,,,,,,,,,239.71153846153845,,,,,,,,,,,,,,,,,,
H02,,,,,,,,,,71.49083393242272,,,,,,,,,,,,,,,,,,
H03,,,,,,,,,,97.11511502516174,,,,,,,,,,,,,,,,,,
H04,,,,,,,,,,153.01882638389648,,,,,,,,,,103.99370346903216,,,,,,,,
H06,,,,,,,,,,76.71706506110712,,,,,,,,,,,,,,,,,,
H07,,,,,,,,,,-30.285001797268155,,,,,,,,,,,,,,,,,,
H08,,,,,,,,,,-87.54735801581596,,,,,,,,,,,,,,,,,,
H09,,,,,,,,,,-77.40878864126529,,,,,,,,,,,,,,,,,,
H10,,,,,,,,,,-53.026464773544205,,,,,,,,,,,,,,,,,,
H11,,,,,,,,,,-69.4309399712437,,,,,,,,,,,,,,,,,,
H12,,,,,,,,,,,,,,,,,,,,152.72354664977033,,,,,,,,
H13,,,,,,,,,,,,,,,,,,,,106.84500237604942,,,,,,,,
H14,,,,,,,,,,,,,,,,,,,,136.27304767939174,,,,,,,,
H15,,,,,,,,,,,,,,,,,,,,98.99342626326629,,,,,,,,
J12,,,,,,,,,,,,,,,,,,,,,220.02481481481482,,,,,,,
J13,,,,,,,,,,,,,,,,,,,,,269.93853648424545,,,,,,,
J14,,,,,,,,,,,,,,,,,,,,,312.08748166483315,,,,,,,
J15,,,,,,,,,,,,,,,,,,,,,365.54273855135926,,,,,,,
J16,,,,,,,,,,,,,,,,,,,,,686.7996829958038,,,,,,,
J17,,,,,,,,,,,,,,,,,,,,,362.61967478562303,,,,,,,
J19,,,,,,,,,,,,,,,,,,,,,303.8237661923007,,,,,,,
J20,,,,,,,,,,,,,,,,,,,,,213.91607370917717,,,,,,,
J21,,,,,,,,,,,,,,,,,,,,,193.11889105281247,,,,,,,
J22,,,,,,,,,,,,,,,,,,,,,184.3787719097262,,,,,,,
J23,,,,,,,,,,,,,,,,,,,,,185.01059686103793,,,,,,,
J24,,,,,,,,,,,,,,,,,,,,,230.53508711913884,,,,,,,
J27,,,,,,,,,,,,,,,,,,,,,252.83563674511947,,,,,,,
J28,,,,,,,,,,,,,,,,,,,,,169.93247794707298,,,,,,,
J29,,,,,,,,,,,,,,,,,,,,,167.69602474510253,,,,,,,
J30,,,,,,,,,,,,,,,,,,,,,163.45829991980753,,,,,,,
J31,,,,,,,,,,,,,,,,,,,,,162.0080765265208,,,,,,,
L01,,,,,,,,,,,,,,,,,,,,,,103.40825688073394,,,,,,
L02,,,,,,,,,,,,,,,,,,,,,,96.13726605504587,,,,,,
L03,,,,,,,,,,,,,,,,,,,,,,65.42836697247706,,,,,,
L05,,,,,,,,,,,,,,,,,,,,,,58.37009174311926,,,,,,
L06,,,,,,,,,,,,,,,,,,,,,,61.73983486238532,,,,,,
L08,,,,,,,,,,,,,,,,,,,,,,61.74262385321101,,,,,,
L10,,,,,,,,,,,,,,,,,,,,,,52.02634862385321,,,,,,
L11,,,,,,,,,,,,,,,,,,,,,,53.64491743119266,,,,,,
L12,,,,,,,,,,,,,,,,,,,,,,54.97688073394495,,,,,,
L13,,,,,,,,,,,,,,,,,,,,,,49.280258064516126,,,,,,
L14,,,,,,,,,,,,,,,,,,,,,,63.32818433179723,,,,,,
L15,,,,,,,,,,,,,,,,,,,,,,71.23235023041474,,,,,,
L16,,,,,,,,,,,,,,,,,,,,,,76.31529032258065,,,,,,
L17,,,,,,,,,,,,,,,,,,,,,,60.25098617511521,,,,,,
L19,,,,,,,,,,,,,,,,,,,,,,71.61684636118599,,,,,,
L20,,,,,,,,,,,,,,,,,,,,,,71.79821909896035,,,,,,
L21,,,,,,,,,,,,,,,,,,,,,,64.61688486715441,,,,,,
L22,,,,,,,,,,,,,,,,,,,,,,97.2341425065194,,,,,,
L24,,,,,,,,,,,,,,,,,,,,,,88.06187484602118,,,,,,
L25,,,,,,,,,,,,,,,,,,,,,,77.36378418329637,,,,,,
L26,,,,,,,,,,,,,,,,,,,,,,89.07730968218773,,,,,,
L27,,,,,,,,,,,,,,,,,,,,,,113.04228874106923,,,,,,
L28,,,,,,,,,,,,,,,,,,,,,,177.35082532643509,,,,,,
L29,,,,,,,,,,,,,,,,,,,,,,73.44949494949495,,,,,,
M01,,,,,,,,,,,,,,,,,,,,,,,-2.3193581780538306,,,,,
M04,,,,,,,,,,,,,,,,,,,,,,,21.57301833776989,,,,,
M05,,,,,,,,,,,,,,,,,,,,,,,5.212452942341986,,,,,
M06,,,,,,,,,,,,,,,,,,,,,,,3.4346593709947753,,,,,
M08,,,,,,,,,,,,,,,,,,,,,,,49.34350470957614,,,,,
M09,,,,,,,,,,,,,,,,,,,,,,,16.88367593414177,,,,,
M10,,,,,,,,,,,,,,,,,,,,,,,33.85014295573302,,,,,
M11,,,,,,,,,,,,,,,,,,,,,170.64402025177887,,55.01373626373626,,,,,
M12,,,,,,,,,,,,,,,,,,,,,106.63766659221204,,-14.757162480376767,,,,,
M13,,,,,,,,,,,,,,,,,,,,,91.5325366689003,,-21.11361852433281,,,,,
M14,,,,,,,,,,,,,,,,,,,,,101.52471893380984,,-7.44991169544741,,,,,
M16,,,,,,,,,,,,,,,,,,,,,156.83131475938293,,0.04846938775510168,,,,,
M18,,,,,,,,,,,,,,,,,,,,,169.75248676030395,,65.85444466248038,,,,,
M19,,,,,,,,,,,,,,,,,,,,,134.12295648169467,,,,,,,
M20,,,,,,,,,,,,,,,,,,,,,134.5017499424361,,,,,,,
M21,,,,,,,,,,,,,,,,,,,,,155.6095440939443,,,,,,,
M22,,,,,,,,,,,,,,,,,,,,,149.98632281832835,,,,,,,
M23,,,,,,,,,,,,,,,,,,,,,113.42675569882569,,,,,,,
N02,,,,,,,,,,,,,,,,,,,,,,,,94.39242292661746,,,,
N03,,,,,,,,,,,,,,,,,,,,,,,,65.15412528647823,,,,
N04,,,,,,,,,,,,,,,,,,,,,,,,77.10160660008684,,,,
N05,,,,,,,,,,,,,,,,,,,,,,,,70.85827357970214,,,,
N06,,,,,,,,,,,,,,,,,,,,,,,,74.73186707115279,,,,
N07,,,,,,,,,,,,,,,,,,,,,,,,72.19171263099835,,,,
N08,,,,,,,,,,,,,,,,,,,,,,,,81.36447025618759,,,,
N09,,,,,,,,,,,,,,,,,,,,,,,,17.348276337562048,,,,
N10,,,,,,,,,,,,,,,,,,,,,,,,78.54629830655666,,,,
Q01,,,,,,,,,,,,,,,,,,,,,,,,9.244029291836569,18.14040276903713,,,
Q03,,,,,,,,,,,,,,,,,,,,,,,,-91.3,37.125298930144744,,,
Q04,,,,,,,,,,,,,,,,,,,,,,,,-25.4,54.930648206419136,,,
Q05,,,,,,,,,,,,,,,,,,,,,,,,-182.9,17.04970631424376,,,
R01,,,,,,,,,,,,,,,,,,,,,,,,63.36406186406187,,,156.54654988250374,
R03,,,,,,,,,,,,,,,,,,,,,,,,105.69576719576719,,,202.9418500320444,
R04,,,,,,,,,,,,,,,,,,,,,,,,59.205390620197925,,,168.60502283105023,
R05,,,,,,,,,,,,,,,,,,,,,,,,46.09688671706927,,,149.74357596920046,
R06,,,,,,,,,,,,,,,,,,,,,,,,23.530825496342736,,,137.88660578386606,
R08,,,,,,,,,,,,,,,,,,,,,,,,32.28020298361457,,,147.71626037802508,
R09,,,,,,,,,,,,,,,,,,,,,,,,37.18528693528693,,,149.4192480239265,
R11,,,,,,,,,,,,,,,,,,,,,,,,22.441290191290193,,91.63985631109449,144.24894253364667,
R13,,,,,,,,,,,,,,,,,,,,,,,,20.515567765567766,,98.11778216975588,141.63360393078403,
R14,,,,,,,,,,,,,,,,,,,,,,,,17.60185792349727,51.037486889028735,89.63270408163265,133.17011884550084,
R15,,,,,,,,,,,,,,,,,,,,,,,,18.97302454679504,,72.65211930926216,123.17591397849462,
R16,,,,,,,,,,,,,,,,,,,,,,,,15.084166666666665,42.914296203062726,72.4515306122449,107.35560271646858,
R17,,,,,,,,,,,,,,,,,,,,,,,,23.840224501332475,33.44802810992238,81.00734693877551,117.2753109846089,
R18,,,,,,,,,,,,,,,,,,,,,,,,,,49.55813287514319,56.513121361397225,
R19,,,,,,,,,,,,,,,,,,,,,,,,,,56.28837342497137,74.5795342588446,
R20,,,,,,,,,,,,,,,,,,,,,,,,-19.903698619074547,15.480260121669811,53.585306122448976,98.10271979759645,
R21,,,,,,,,,,,,,,,,,,,,,,,,,,62.77756950952827,78.91859364435429,
R22,,,,,,,,,,,,,,,,,,,,,,,,,,85.12777257107155,101.23682668469687,
R23,,,,,,,,,,,,,,,,,,,,,,,,,,121.42576530612246,128.66001755540927,
R24,,,,,,,,,,,,,,,,,,,,,,,,,,113.28964515622546,116.46567717996288,
R25,,,,,,,,,,,,,,,,,,,,,,,,,,128.78895169309678,149.72232529375387,
R26,,,,,,,,,,,,,,,,,,,,,,,,,,119.0286675040561,157.9942795299938,
R27,,,,,,,,,,,,,,,,,,,,,,,,,,143.98967655832942,115.11239950525665,
R28,,,,,,,,,,,,,,,,,,,,,,,,,,109.60624378500026,,
R29,,,,,,,,,,,,,,,,,,,,,,,,,,120.6458496885958,,
R30,,,,,,,,,,,145.58583716271946,,,,,,,,,,,,,,36.46619467170128,116.01923648247177,,
R31,,,,,,,,,,,,,60.767879813796014,,,,,,,,,,,92.60928555999567,,98.42676767676767,,
R32,,,,,,,,,,,,,,,,,,,,,,,,,,70.74405430233745,,
R33,,,,,,,,,,,,,,,,,,,,,,,,,,60.48688373992039,,
R34,,,,,,,,,,,,,,,,,,,,,,,,,,69.99418189241604,,
R35,,,,,,,,,,,,,,,,,,,,,,,,,,90.66571399407982,,
R36,,,,,,,,,,,,,29.435463393990695,,,,,,,,,,,81.96184836032552,,130.33838383838383,,
R39,,,,,,,,,,,,,,,,,,,,,,,,,,91.3838383838384,,
R40,,,,,,,,,,,,,,,,,,,,,,,,,,86.81565656565657,,
R41,,,,,,,,,,,,,,,,,,,,,,,,90.61381893182805,,117.72830808080809,,
R42,,,,,,,,,,,,,,,,,,,,,,,,,,99.51475888324873,,
R43,,,,,,,,,,,,,,,,,,,,,,,,,,87.53442893401015,,
R44,,,,,,,,,,,,,,,,,,,,,,,,,,123.2125,,
R45,,,,,,,,,,,,,,,,,,,,,,,,,,62.258434343434345,,
S01,,,,,,,,,,,,,,,,-11.479508726567548,,,,,,,,,,,,
S03,,,,,,,,,,,,,,,,17.148287007110536,,,,,,,,,,,,
S04,,,,,,,,,,,,,,,,60.422301228183585,,,,,,,,,,,,
