month,division,line,period,num_passengers,additional platform time,additional train time,total_apt,total_att,over_five_mins,over_five_mins_perc,customer journey time performance
2025-01-01,A DIVISION,1,offpeak,6180143.38,0.741047302,0.532417824,4579778.579,3290418.491,671979.3727,0.108732004,0.891267996
2025-01-01,A DIVISION,1,peak,6405407.227,0.718459361,0.54006793,4602024.784,3459355.022,492888.7379,0.076948853,0.923051147
2025-01-01,A DIVISION,2,offpeak,3609503.623,1.306796088,0.550316508,4716885.213,1986369.43,576156.2407,0.159622015,0.840377985
2025-01-01,A DIVISION,2,peak,4147634.773,1.147945688,0.570769496,4761259.453,2367343.409,591446.9585,0.142598611,0.857401389
2025-01-01,A DIVISION,3,offpeak,2910440.525,0.870716894,0.437349488,2534169.735,1272879.673,334059.4717,0.114779694,0.885220306
2025-01-01,A DIVISION,3,peak,3267368.475,0.908692271,0.575274541,2969032.479,1879633.9,361750.1565,0.110716058,0.889283942
2025-01-01,A DIVISION,4,offpeak,4501017.778,0.827987262,0.418586077,3726785.388,1884063.376,562028.592,0.124867001,0.875132999
2025-01-01,A DIVISION,4,peak,4596869.617,0.867645732,0.657547002,3988454.302,3022657.835,591981.7093,0.128779313,0.871220687
2025-01-01,A DIVISION,5,offpeak,3106828.321,1.218640818,0.658667522,3786107.807,2046366.913,440945.5831,0.141927888,0.858072112
2025-01-01,A DIVISION,5,peak,3988332.965,1.040254205,0.624718714,4148880.139,2491586.241,549851.8278,0.137865076,0.862134924
2025-01-01,A DIVISION,6,offpeak,6430083.422,0.879624492,0.390752766,5656058.865,2512572.882,601594.9368,0.09355943,0.90644057
2025-01-01,A DIVISION,6,peak,6789575.488,1.128721926,0.620532771,7663542.723,4213154.095,790746.3534,0.116464771,0.883535229
2025-01-01,A DIVISION,7,offpeak,5217063.473,0.817953248,0.367735565,4267314.015,1918499.783,535274.6835,0.102600761,0.897399239
2025-01-01,A DIVISION,7,peak,5623006.119,0.892779683,0.350983179,5020105.623,1973580.561,450508.6918,0.080118834,0.919881166
2025-01-01,A DIVISION,S 42nd,offpeak,452971.425,0.466956976,-0.233309578,211518.167,-105682.5722,6378.076931,0.014080528,0.985919472
2025-01-01,A DIVISION,S 42nd,peak,551533.8394,0.364066044,-0.243811978,200794.7429,-134470.5561,258.9253922,0.000469464,0.999530536
2025-01-01,B DIVISION,A,offpeak,4195048.725,1.211196576,0.762210959,5081028.65,3197512.112,810361.9103,0.193171036,0.806828964
2025-01-01,B DIVISION,A,peak,5076653.313,1.460806383,0.59020939,7416007.562,2996288.456,768651.5635,0.151409111,0.848590889
2025-01-01,B DIVISION,B,offpeak,2742483.698,1.852033093,1.051082305,5079170.565,2882576.086,636352.1561,0.232034982,0.767965018
2025-01-01,B DIVISION,B,peak,3354941.938,2.37642463,1.330614915,7972766.653,4464135.782,815369.3053,0.243035296,0.756964704
2025-01-01,B DIVISION,C,offpeak,3192000.208,1.60966385,0.601732859,5138047.344,1920731.41,581395.5438,0.182141449,0.817858551
2025-01-01,B DIVISION,C,peak,2621699.65,2.039265494,0.543019536,5346341.632,1423634.128,477089.557,0.181977198,0.818022802
2025-01-01,B DIVISION,D,offpeak,3389935.353,1.68589073,0.845792124,5715060.586,2867180.623,809818.0468,0.238888935,0.761111065
2025-01-01,B DIVISION,D,peak,3233392.523,1.97656917,0.954170687,6391023.978,3085208.365,721597.4282,0.223170377,0.776829623
2025-01-01,B DIVISION,E,offpeak,4608107.533,1.063175993,0.176792488,4899229.3,814678.7948,633718.0393,0.137522407,0.862477593
2025-01-01,B DIVISION,E,peak,5006169.186,1.380146819,-0.419203464,6909248.478,-2098603.463,579151.8997,0.11568764,0.88431236
2025-01-01,B DIVISION,F,offpeak,5212715.318,1.963256351,0.132228104,10233896.46,689267.4646,1158948.924,0.222331137,0.777668863
2025-01-01,B DIVISION,F,peak,5715102.453,2.116382873,-0.362245925,12095344.95,-2070272.575,1065840.454,0.186495424,0.813504576
2025-01-01,B DIVISION,G,offpeak,1721946.268,1.273828178,1.368427237,2193463.676,2356358.173,347069.3175,0.201556416,0.798443584
2025-01-01,B DIVISION,G,peak,1850923.762,1.288178581,1.251309935,2384320.344,2316079.292,387089.4464,0.209133112,0.790866888
2025-01-01,B DIVISION,JZ,offpeak,1732502.405,1.305904546,0.484406557,2262482.766,839235.5249,329381.2193,0.190118766,0.809881234
2025-01-01,B DIVISION,JZ,peak,1755125.79,1.213815353,0.436958643,2130398.63,766917.3826,304986.55,0.173769055,0.826230945
2025-01-01,B DIVISION,L,offpeak,3791710.119,0.889561505,0.526528219,3372959.362,1996442.375,322484.2036,0.085049804,0.914950196
2025-01-01,B DIVISION,L,peak,3890777.129,1.051733374,0.614013944,4092060.157,2388991.412,364342.0579,0.09364249,0.90635751
2025-01-01,B DIVISION,M,offpeak,2481827.856,1.76478898,0.000992306,4379902.452,2462.731937,496970.1596,0.200243606,0.799756394
2025-01-01,B DIVISION,M,peak,2687171.931,1.910143638,-0.048001542,5132884.368,-128988.3975,531753.7454,0.197886015,0.802113985
2025-01-01,B DIVISION,N,offpeak,3211976.163,1.477161456,0.54227068,4744607.385,1741760.499,586749.386,0.182675511,0.817324489
2025-01-01,B DIVISION,N,peak,3446660.771,1.863314182,0.351259221,6422211.896,1210671.378,593731.2328,0.172262741,0.827737259
2025-01-01,B DIVISION,Q,offpeak,3998625.755,1.368047787,0.657717491,5470311.114,2629966.101,774863.9191,0.193782556,0.806217444
2025-01-01,B DIVISION,Q,peak,4237533.367,1.444260214,0.953551235,6120100.848,4040705.175,883074.6279,0.208393551,0.791606449
2025-01-01,B DIVISION,R,offpeak,4523175.714,2.103755605,0.044096537,9515656.262,199456.3836,1005272.239,0.222249212,0.777750788
2025-01-01,B DIVISION,R,peak,4879779.432,2.396780668,-0.037990873,11695761,-185387.0804,1099090.612,0.225233666,0.774766334
2025-01-01,B DIVISION,S Fkln,offpeak,209587.4896,0.422770794,0.052769271,88607.46936,11059.77897,8358.138912,0.039878997,0.960121003
2025-01-01,B DIVISION,S Fkln,peak,208002.9612,0.305540725,0.00729512,63553.37552,1517.406586,7686.833027,0.036955402,0.963044598
2025-01-01,B DIVISION,S Rock,offpeak,20364.85501,0.77219994,-0.7464137,15725.73982,-15200.60678,1862.641426,0.091463525,0.908536475
2025-01-01,B DIVISION,S Rock,peak,16558.37913,0.525553271,-0.784985681,8702.310309,-12998.09051,1166.775488,0.070464354,0.929535646
2025-01-01,B DIVISION,W,offpeak,1757019.102,1.015742634,0.099407677,1784679.212,174661.1881,211431.6945,0.120335456,0.879664544
2025-01-01,B DIVISION,W,peak,1970225.596,1.068624481,-0.14711262,2105431.305,-289845.0497,202837.6941,0.102951507,0.897048493
2025-02-01,A DIVISION,1,offpeak,4441686.389,1.470672739,0.687046185,6532267.085,3051643.687,618216.3856,0.13918506,0.86081494
2025-02-01,A DIVISION,1,peak,5147344.102,1.003991351,0.594903834,5167888.959,3062174.742,494613.9009,0.096091089,0.903908911
2025-02-01,A DIVISION,2,offpeak,2696972.642,1.087167011,0.560813002,2932059.687,1512497.324,412993.0635,0.153132092,0.846867908
2025-02-01,A DIVISION,2,peak,3307910.121,1.165352113,0.532566255,3854880.049,1761681.304,440671.6295,0.133217534,0.866782466
2025-02-01,A DIVISION,3,offpeak,2189048.661,0.758678207,0.513907088,1660783.514,1124967.624,243825.5934,0.111384273,0.888615727
2025-02-01,A DIVISION,3,peak,2608765.593,0.693554598,0.540532874,1809321.371,1410123.563,249449.6755,0.095619812,0.904380188
2025-02-01,A DIVISION,4,offpeak,3441783.028,1.012584359,0.38096402,3485095.661,1311195.499,442384.4858,0.128533519,0.871466481
2025-02-01,A DIVISION,4,peak,3810993.854,0.911134759,0.423947907,3472328.966,1615662.866,430370.9395,0.112928794,0.887071206
2025-02-01,A DIVISION,5,offpeak,2396255.009,1.176564539,0.465401923,2819348.67,1115221.688,328651.391,0.137152093,0.862847907
2025-02-01,A DIVISION,5,peak,3294655.666,0.976651815,0.366549344,3217731.438,1207653.873,371115.6901,0.112641723,0.887358277
2025-02-01,A DIVISION,6,offpeak,4609438.194,1.062525352,0.451925374,4897644.939,2083122.079,500128.5901,0.108500986,0.891499014
2025-02-01,A DIVISION,6,peak,5300336.18,1.113311625,0.575680873,5900925.883,3051302.161,586468.3033,0.110647378,0.889352622
2025-02-01,A DIVISION,7,offpeak,3949220.543,1.012210056,0.662234905,3997440.747,2615311.691,522593.9028,0.132328366,0.867671634
2025-02-01,A DIVISION,7,peak,4558816.035,1.263748869,0.738361372,5761198.609,3366053.663,511487.4854,0.112197439,0.887802561
2025-02-01,A DIVISION,S 42nd,offpeak,599333.6899,0.414032077,-0.118272401,248143.3727,-70884.6347,10452.24406,0.017439774,0.982560226
2025-02-01,A DIVISION,S 42nd,peak,831418.8662,0.399069568,-0.128685568,331793.9679,-106991.6087,1000.710553,0.001203618,0.998796382
2025-02-01,B DIVISION,A,offpeak,3040063.525,1.055034629,0.641700911,3207372.292,1950811.533,549589.6708,0.180782298,0.819217702
2025-02-01,B DIVISION,A,peak,4060887.012,0.870060905,0.26011184,3533219.028,1056284.791,501702.6226,0.123545083,0.876454917
2025-02-01,B DIVISION,B,offpeak,1852045.74,1.709238256,0.91182286,3165587.431,1688737.644,402173.3241,0.217150859,0.782849141
2025-02-01,B DIVISION,B,peak,2532100.63,1.76470369,0.937812253,4468407.326,2374634.997,557714.3479,0.220257576,0.779742424
2025-02-01,B DIVISION,C,offpeak,2309112.06,1.515847464,0.523877064,3500261.661,1209690.847,390449.7048,0.169090843,0.830909157
2025-02-01,B DIVISION,C,peak,2115785.833,1.515203725,0.293106086,3205846.576,620149.7043,324718.1304,0.153474007,0.846525993
2025-02-01,B DIVISION,D,offpeak,2493370.981,1.71118072,0.729797688,4266608.352,1819656.378,581847.7573,0.233357876,0.766642124
2025-02-01,B DIVISION,D,peak,2580841.799,1.612749592,0.769275774,4162251.558,1985379.072,543843.0465,0.210723124,0.789276876
2025-02-01,B DIVISION,E,offpeak,3438738.734,1.208972858,0.554090118,4157341.796,1905371.15,573923.36,0.166899379,0.833100621
2025-02-01,B DIVISION,E,peak,4077744.406,1.372814798,-0.139229212,5597987.862,-567741.1392,547992.7772,0.13438625,0.86561375
2025-02-01,B DIVISION,F,offpeak,3819055.582,1.814198487,0.355960872,6928524.859,1359434.356,809688.7682,0.212012826,0.787987174
2025-02-01,B DIVISION,F,peak,4596758.627,1.758312587,-0.178652714,8082538.553,-821223.4035,797246.7028,0.173436712,0.826563288
2025-02-01,B DIVISION,G,offpeak,1389234.206,1.175671229,1.281423169,1633282.685,1780196.899,258079.6171,0.185771136,0.814228864
2025-02-01,B DIVISION,G,peak,1589391.277,1.210913762,1.178317537,1924615.771,1872807.615,307910.6983,0.193728695,0.806271305
2025-02-01,B DIVISION,JZ,offpeak,1365306.794,1.370626028,0.607103536,1871325.028,828882.5816,269436.7271,0.197345189,0.802654811
2025-02-01,B DIVISION,JZ,peak,1498257.744,1.132210003,0.523912306,1696342.405,784955.6693,270956.8348,0.180847945,0.819152055
2025-02-01,B DIVISION,L,offpeak,2957490.867,1.231030398,0.591557593,3640761.16,1749526.179,308029.0822,0.104152167,0.895847833
2025-02-01,B DIVISION,L,peak,3217659.277,1.954971488,0.732728612,6290432.146,2357671.017,378156.5993,0.117525371,0.882474629
2025-02-01,B DIVISION,M,offpeak,1908063.984,2.08680587,0.154934729,3981759.122,295625.3768,415075.9971,0.217537777,0.782462223
2025-02-01,B DIVISION,M,peak,2285416.188,1.924827312,0.170279807,4399031.5,389160.2286,485322.7515,0.212356399,0.787643601
2025-02-01,B DIVISION,N,offpeak,2484925.515,1.319267194,0.535680621,3278280.712,1331126.443,457260.592,0.184013802,0.815986198
2025-02-01,B DIVISION,N,peak,2796109.291,1.44501073,0.325747756,4040407.929,910826.3274,453863.2648,0.162319572,0.837680428
2025-02-01,B DIVISION,Q,offpeak,2937909.988,1.351893078,0.644521062,3971740.178,1893544.866,593570.8183,0.202038463,0.797961537
2025-02-01,B DIVISION,Q,peak,3381436.939,1.226541288,0.754896104,4147472.019,2552633.571,631614.4928,0.186788784,0.813211216
2025-02-01,B DIVISION,R,offpeak,3273776.852,1.983971286,0.089261404,6495079.27,292221.9173,716137.6194,0.218749674,0.781250326
2025-02-01,B DIVISION,R,peak,3910610.396,2.215247009,-0.032786277,8662967.984,-128214.3558,842191.5818,0.215360646,0.784639354
2025-02-01,B DIVISION,S Fkln,offpeak,171802.6932,0.854086995,-0.002645201,146734.446,-454.4525965,9375.747961,0.054572765,0.945427235
2025-02-01,B DIVISION,S Fkln,peak,172709.288,0.347831412,0.015580897,60073.71555,2690.965601,8870.777732,0.051362482,0.948637518
2025-02-01,B DIVISION,S Rock,offpeak,7982.049224,0.89710147,-0.008642899,7160.708089,-68.98804694,726.4370295,0.091008839,0.908991161
2025-02-01,B DIVISION,S Rock,peak,8437.321587,0.078254609,-0.133532872,660.2593001,-1126.659786,412.7627784,0.048921067,0.951078933
2025-02-01,B DIVISION,W,offpeak,1134794.037,1.032227537,0.079396783,1171365.654,90098.99563,140175.6046,0.123525151,0.876474849
2025-02-01,B DIVISION,W,peak,1537958.838,1.013326486,-0.241194395,1558454.425,-370947.0511,142814.0365,0.092859466,0.907140534
2025-03-01,A DIVISION,1,offpeak,5158115.596,1.022757168,0.604818902,5275499.698,3119725.809,661037.4312,0.128154831,0.871845169
2025-03-01,A DIVISION,1,peak,5711405.551,0.951814635,0.580919314,5436199.391,3317865.794,515069.4322,0.090182605,0.909817395
2025-03-01,A DIVISION,2,offpeak,3128967.457,1.24770982,0.665492331,3904043.421,2082303.845,540607.2316,0.172774961,0.827225039
2025-03-01,A DIVISION,2,peak,3678032.348,1.009633557,0.533690079,3713464.881,1962929.375,490447.077,0.13334496,0.86665504
2025-03-01,A DIVISION,3,offpeak,2482502.817,0.866150663,0.505801201,2150221.461,1255652.907,303240.6062,0.122151163,0.877848837
2025-03-01,A DIVISION,3,peak,2845955.588,0.690935126,0.505395405,1966370.684,1438332.877,281897.3438,0.099051912,0.900948088
2025-03-01,A DIVISION,4,offpeak,3876815.523,0.947613817,0.424720167,3673723.955,1646561.738,506317.0748,0.130601281,0.869398719
2025-03-01,A DIVISION,4,peak,4142943.215,1.085964724,0.503235052,4499090.187,2084874.244,472395.2788,0.114024078,0.885975922
2025-03-01,A DIVISION,5,offpeak,2717039.026,1.129037015,0.563476398,3067637.632,1530987.363,382551.7263,0.140797288,0.859202712
2025-03-01,A DIVISION,5,peak,3553662.678,1.173920822,0.499329622,4171718.613,1774449.043,433611.3718,0.122018157,0.877981843
2025-03-01,A DIVISION,6,offpeak,5170851.687,1.020587703,0.448747122,5277307.646,2320404.814,540866.7412,0.10459916,0.89540084
2025-03-01,A DIVISION,6,peak,5790747.848,1.078743753,0.547802843,6246733.066,3172188.135,600835.2859,0.103757805,0.896242195
2025-03-01,A DIVISION,7,offpeak,4396265.033,1.633175382,0.580245132,7179871.825,2550911.384,590097.7454,0.134227063,0.865772937
2025-03-01,A DIVISION,7,peak,4943944.779,1.041312465,0.404644154,5148191.323,2000538.351,418498.9743,0.084648796,0.915351204
2025-03-01,A DIVISION,S 42nd,offpeak,663503.0775,0.408238703,-0.131569744,270867.6355,-87296.93013,10996.31973,0.016573125,0.983426875
2025-03-01,A DIVISION,S 42nd,peak,880730.1768,0.38339285,-0.139804429,337665.6522,-123129.9798,814.8488412,0.000925197,0.999074803
2025-03-01,B DIVISION,A,offpeak,3603674.266,0.978523325,0.557976917,3526279.324,2010767.056,615892.4072,0.170906792,0.829093208
2025-03-01,B DIVISION,A,peak,4579139.771,0.945087414,0.236539221,4327687.363,1083146.154,579834.6304,0.126625231,0.873374769
2025-03-01,B DIVISION,B,offpeak,1960170.21,1.394839587,0.740392489,2734123.007,1451295.301,366616.7425,0.187033116,0.812966884
2025-03-01,B DIVISION,B,peak,2641760.298,1.537196776,0.675460204,4060905.413,1784403.949,509570.687,0.192890584,0.807109416
2025-03-01,B DIVISION,C,offpeak,2662566.01,1.416875938,0.555409022,3772525.714,1478813.184,426203.3854,0.16007242,0.83992758
2025-03-01,B DIVISION,C,peak,2340586.15,1.431388806,0.274963913,3350288.814,643576.7273,340643.4514,0.145537669,0.854462331
2025-03-01,B DIVISION,D,offpeak,2801615.748,1.465343517,0.608386274,4105329.474,1704464.566,588197.4026,0.209949349,0.790050651
2025-03-01,B DIVISION,D,peak,2808929.796,1.469629589,0.55661942,4128086.342,1563504.873,540337.5645,0.192364211,0.807635789
2025-03-01,B DIVISION,E,offpeak,3784924.665,1.475678565,0.543027258,5585332.199,2055317.263,618241.5555,0.16334316,0.83665684
2025-03-01,B DIVISION,E,peak,4311009.438,1.199009663,-0.263994587,5168941.973,-1138083.157,495310.8633,0.114894405,0.885105595
2025-03-01,B DIVISION,F,offpeak,4195184.364,1.750527536,0.245413151,7343785.749,1029553.413,869819.479,0.207337605,0.792662395
2025-03-01,B DIVISION,F,peak,4958088.545,1.504172098,-0.355522051,7457818.449,-1762709.809,729340.104,0.147101065,0.852898935
2025-03-01,B DIVISION,G,offpeak,1597861.624,1.072144302,1.118112036,1713138.235,1786588.313,252772.2177,0.15819406,0.84180594
2025-03-01,B DIVISION,G,peak,1779742.475,1.093092764,0.993496163,1945423.622,1768167.319,315248.9651,0.177131787,0.822868213
2025-03-01,B DIVISION,JZ,offpeak,1563061.429,1.327954734,0.457650977,2075674.825,715336.5903,295523.1106,0.189066856,0.810933144
2025-03-01,B DIVISION,JZ,peak,1676290.964,1.443990296,0.539392464,2420547.885,904178.7141,322803.1849,0.192569901,0.807430099
2025-03-01,B DIVISION,L,offpeak,3364511.596,1.214714213,0.596354328,4086920.057,2006441.052,328538.4022,0.097648171,0.902351829
2025-03-01,B DIVISION,L,peak,3490510.775,0.720637485,0.539523571,2515392.907,1883212.84,233627.9691,0.066932316,0.933067684
2025-03-01,B DIVISION,M,offpeak,2157975.306,1.919478244,0.092686733,4142186.651,200015.6817,421996.6827,0.195552137,0.804447863
2025-03-01,B DIVISION,M,peak,2523166.864,1.770389548,0.047110612,4466988.243,118867.934,469893.1383,0.186231495,0.813768505
2025-03-01,B DIVISION,N,offpeak,2730993.362,1.374883555,0.572620055,3754797.864,1563821.57,488494.3619,0.178870578,0.821129422
2025-03-01,B DIVISION,N,peak,3066350.756,1.414173875,0.27467626,4336353.131,842253.7562,476757.2961,0.155480352,0.844519648
2025-03-01,B DIVISION,Q,offpeak,3301058.343,1.709525363,0.658221043,5643242.962,2172826.066,676576.6622,0.204957499,0.795042501
2025-03-01,B DIVISION,Q,peak,3749017.945,1.501372115,0.745566487,5628671,2795142.138,742059.1188,0.197934267,0.802065733
2025-03-01,B DIVISION,R,offpeak,3691926.699,1.474511523,0.083163809,5443788.458,307034.6863,678091.2902,0.183668676,0.816331324
2025-03-01,B DIVISION,R,peak,4290036.953,1.42036295,-0.041501328,6093409.541,-178042.2304,660813.5969,0.154034477,0.845965523
2025-03-01,B DIVISION,S Fkln,offpeak,192373.4525,0.455734209,-0.017183345,87671.16313,-3305.619384,8444.433934,0.043896046,0.956103954
2025-03-01,B DIVISION,S Fkln,peak,194977.0558,0.303204799,-0.003374096,59117.97901,-657.8712225,8042.712967,0.041249535,0.958750465
2025-03-01,B DIVISION,S Rock,offpeak,8822.264932,1.179977999,-0.085833042,10410.07852,-757.2418321,958.732758,0.108671953,0.891328047
2025-03-01,B DIVISION,S Rock,peak,9325.460701,0.236250837,-0.221195444,2203.147897,-2062.749425,651.8449647,0.069899492,0.930100508
2025-03-01,B DIVISION,W,offpeak,1347228.826,0.77271308,0.147167875,1041021.335,198268.8038,136383.3274,0.101232489,0.898767511
2025-03-01,B DIVISION,W,peak,1682847.684,0.71801746,-0.168902241,1208314.019,-284236.745,126135.9291,0.07495386,0.92504614
2025-04-01,A DIVISION,1,offpeak,5828222.282,0.918439021,0.603277007,5352866.77,3516032.493,662671.206,0.1137004,0.8862996
2025-04-01,A DIVISION,1,peak,6128713.66,0.903920148,0.61284653,5539867.76,3755960.902,518756.3198,0.084643589,0.915356411
2025-04-01,A DIVISION,2,offpeak,3687375.264,1.291086327,0.683140532,4760719.784,2518995.5,616568.9402,0.167210793,0.832789207
2025-04-01,A DIVISION,2,peak,4185465.656,1.326194919,0.530887548,5550743.285,2222011.6,575272.3195,0.137445237,0.862554763
2025-04-01,A DIVISION,3,offpeak,2855608.357,0.948692484,0.473854445,2709094.185,1353142.714,340094.0148,0.119096869,0.880903131
2025-04-01,A DIVISION,3,peak,3128892.994,0.880332651,0.549073296,2754466.664,1717991.59,333432.8462,0.106565756,0.893434244
2025-04-01,A DIVISION,4,offpeak,4501802.13,0.899104095,0.502933421,4047588.73,2264106.747,578590.1819,0.128524126,0.871475874
2025-04-01,A DIVISION,4,peak,4674460.832,0.971846796,0.419698954,4542859.781,1961866.32,521983.4609,0.111667095,0.888332905
2025-04-01,A DIVISION,5,offpeak,3170797.245,1.161625853,0.626170571,3683280.054,1985459.92,458647.4001,0.144647344,0.855352656
2025-04-01,A DIVISION,5,peak,3984531.918,1.29617609,0.400714599,5164655.001,1596660.108,486906.0851,0.122199068,0.877800932
2025-04-01,A DIVISION,6,offpeak,6154920.082,0.998045005,0.457492195,6142887.246,2815827.898,630841.905,0.102493923,0.897506077
2025-04-01,A DIVISION,6,peak,6561857.031,1.050305816,0.514532016,6891956.602,3376285.53,650422.6509,0.099121735,0.900878265
2025-04-01,A DIVISION,7,offpeak,5183481.884,0.907973793,0.537821841,4706465.708,2787789.772,594034.2015,0.114601385,0.885398615
2025-04-01,A DIVISION,7,peak,5547934.563,0.947797617,0.521280536,5258319.158,2892030.301,468263.813,0.084403269,0.915596731
2025-04-01,A DIVISION,S 42nd,offpeak,770344.1636,0.430771678,-0.135742824,331842.448,-104568.6925,10227.59139,0.013276652,0.986723348
2025-04-01,A DIVISION,S 42nd,peak,956698.4883,0.390276097,-0.139940863,373376.5525,-133881.212,620.3180161,0.000648394,0.999351606
2025-04-01,B DIVISION,A,offpeak,4290199.788,1.108119786,0.747683999,4754055.271,3207713.734,799499.9063,0.186354936,0.813645064
2025-04-01,B DIVISION,A,peak,5215714.029,0.88443571,0.017655137,4612963.742,92084.14441,597734.5978,0.11460264,0.88539736
2025-04-01,B DIVISION,B,offpeak,2762289.358,1.36249831,0.789322063,3763614.582,2180335.935,538253.8194,0.19485787,0.80514213
2025-04-01,B DIVISION,B,peak,3447858.484,1.535698773,0.790478161,5294872.043,2725456.833,695166.0063,0.201622546,0.798377454
2025-04-01,B DIVISION,C,offpeak,3133643.125,1.489670364,0.694808183,4668095.295,2177280.887,531738.7661,0.169687085,0.830312915
2025-04-01,B DIVISION,C,peak,2670319.004,1.31199805,0.241047193,3503453.325,643672.9005,370552.279,0.138767046,0.861232954
2025-04-01,B DIVISION,D,offpeak,3428360.524,1.382267137,0.676198617,4738910.087,2318252.646,725581.7198,0.21164102,0.78835898
2025-04-01,B DIVISION,D,peak,3187315.273,1.362334949,0.587631597,4342190.991,1872967.164,589890.1718,0.185074309,0.814925691
2025-04-01,B DIVISION,E,offpeak,4482388.225,1.425044425,0.821442335,6387602.349,3682023.45,826422.0518,0.184370922,0.815629078
2025-04-01,B DIVISION,E,peak,4690776.389,1.587851506,-0.13071569,7448256.354,-613158.0707,536872.4896,0.1144528,0.8855472
2025-04-01,B DIVISION,F,offpeak,5077623.1,1.649515476,0.366519942,8375617.886,1861050.123,1023508.487,0.201572363,0.798427637
2025-04-01,B DIVISION,F,peak,5544525.238,1.214296925,-0.396600108,6732699.945,-2198959.31,750451.141,0.135349937,0.864650063
2025-04-01,B DIVISION,G,offpeak,1715960.001,1.175503617,1.13660199,2017117.188,1950363.553,303789.7337,0.177037771,0.822962229
2025-04-01,B DIVISION,G,peak,1840071.901,1.128202472,0.925221949,2075973.667,1702474.912,326895.0063,0.177653387,0.822346613
2025-04-01,B DIVISION,JZ,offpeak,1844336.63,1.125104712,0.284057174,2075071.833,523897.0517,317580.6814,0.172192362,0.827807638
2025-04-01,B DIVISION,JZ,peak,1866172.645,1.07539917,0.324747742,2006880.513,606035.3521,320152.8054,0.171555835,0.828444165
2025-04-01,B DIVISION,L,offpeak,3836774.116,1.38298113,0.620699229,5306186.203,2381482.734,416587.5014,0.108577542,0.891422458
2025-04-01,B DIVISION,L,peak,3889331.746,1.782564677,0.823683172,6932985.387,3203577.11,446267.4463,0.11474142,0.88525858
2025-04-01,B DIVISION,M,offpeak,2574056.235,1.918025543,0.131737749,4937105.606,339100.375,518735.1578,0.201524408,0.798475592
2025-04-01,B DIVISION,M,peak,2885883.5,1.985857008,0.024132698,5730951.972,69644.15364,530902.8665,0.183965453,0.816034547
2025-04-01,B DIVISION,N,offpeak,3267493.328,1.168643595,0.819636022,3818535.149,2678155.232,595025.9,0.182104702,0.817895298
2025-04-01,B DIVISION,N,peak,3375112.08,1.316274723,0.272377082,4442574.718,919303.18,509998.0295,0.151105509,0.848894491
2025-04-01,B DIVISION,Q,offpeak,3854736.278,1.226546693,0.63771973,4728014.034,2458241.379,725858.6599,0.188303066,0.811696934
2025-04-01,B DIVISION,Q,peak,4096435.162,1.246646081,0.5888724,5106804.843,2412277.606,753796.8054,0.184012874,0.815987126
2025-04-01,B DIVISION,R,offpeak,4213518.733,1.366025511,0.159783371,5755774.081,673250.229,757639.4939,0.179811588,0.820188412
2025-04-01,B DIVISION,R,peak,4759502.328,1.379802344,-0.025773009,6567172.471,-122666.6957,729733.4988,0.153321387,0.846678613
2025-04-01,B DIVISION,S Fkln,offpeak,226848.9613,0.358213236,-0.011875007,81260.30043,-2693.833004,7370.977737,0.032492887,0.967507113
2025-04-01,B DIVISION,S Fkln,peak,217023.3774,0.208911635,0.000552233,45338.7086,119.8474924,6174.122303,0.028449112,0.971550888
2025-04-01,B DIVISION,S Rock,offpeak,9242.372786,1.27206872,-0.145950912,11756.93332,-1348.932733,1084.397758,0.117328935,0.882671065
2025-04-01,B DIVISION,S Rock,peak,9769.530258,0.07015162,-0.27492814,685.3483755,-2685.918786,626.8182437,0.06416053,0.93583947
2025-04-01,B DIVISION,W,offpeak,1407137.227,0.845541551,0.174284097,1189792.993,245241.6414,151832.6774,0.107901827,0.892098173
2025-04-01,B DIVISION,W,peak,1860022.469,0.781661442,-0.196509057,1453907.846,-365511.2618,141341.6269,0.075989204,0.924010796
2025-05-01,A DIVISION,1,offpeak,5338784.084,1.158230148,0.652067829,6183540.679,3481249.346,687059.7089,0.12869217,0.87130783
2025-05-01,A DIVISION,1,peak,5807598.107,1.157671936,0.737482183,6723293.344,4283000.128,660104.8521,0.113662282,0.886337718
2025-05-01,A DIVISION,2,offpeak,3426898.841,1.343733473,0.520245786,4604838.68,1782829.681,552688.0997,0.161279374,0.838720626
2025-05-01,A DIVISION,2,peak,3967897.349,1.138764617,0.398944803,4518501.104,1582972.027,518943.0012,0.13078539,0.86921461
2025-05-01,A DIVISION,3,offpeak,2609171.468,1.057484977,0.463651992,2759159.63,1209747.55,318117.5677,0.121922829,0.878077171
2025-05-01,A DIVISION,3,peak,2980360.421,0.868938143,0.445958978,2589748.849,1329118.489,307522.4224,0.103182964,0.896817036
2025-05-01,A DIVISION,4,offpeak,4212623.864,0.905915395,0.415120044,3816280.814,1748744.602,561599.6284,0.133313499,0.866686501
2025-05-01,A DIVISION,4,peak,4442207.951,0.875342202,0.430219394,3888452.088,1911124.011,486095.8424,0.109426629,0.890573371
2025-05-01,A DIVISION,5,offpeak,2940385.726,1.19135148,0.514728039,3503032.888,1513498.978,408595.7805,0.138959925,0.861040075
2025-05-01,A DIVISION,5,peak,3785260.315,1.011912022,0.304671228,3830350.418,1153259.91,422508.267,0.111619342,0.888380658
2025-05-01,A DIVISION,6,offpeak,5704000.752,0.936696112,0.426211047,5342915.329,2431108.132,529081.6665,0.092756241,0.907243759
2025-05-01,A DIVISION,6,peak,6241099.443,1.036913299,0.478519431,6471479.016,2986487.354,587488.9222,0.09413228,0.90586772
2025-05-01,A DIVISION,7,offpeak,4982922.103,1.040264811,0.506686418,5183558.521,2524778.949,525306.6506,0.105421405,0.894578595
2025-05-01,A DIVISION,7,peak,5412648.527,0.724851919,0.416435505,3923368.67,2254019.022,370128.0959,0.068382067,0.931617933
2025-05-01,A DIVISION,S 42nd,offpeak,709639.379,0.533322047,-0.138126017,378466.3261,-98019.66126,13598.8118,0.019162989,0.980837011
2025-05-01,A DIVISION,S 42nd,peak,932435.4873,0.425536054,-0.143259994,396784.9179,-133580.7025,1026.117845,0.001100471,0.998899529
2025-05-01,B DIVISION,A,offpeak,4041748.089,1.147903525,0.526663792,4639536.876,2128642.376,734708.4258,0.181779866,0.818220134
2025-05-01,B DIVISION,A,peak,4971070.639,0.850982218,0.025900354,4230292.72,128752.4897,561335.1913,0.112920381,0.887079619
2025-05-01,B DIVISION,B,offpeak,2526909.27,1.362451826,0.863549784,3442792.149,2182111.954,494594.1354,0.195730864,0.804269136
2025-05-01,B DIVISION,B,peak,3151124.99,1.383256028,0.711586377,4358812.639,2242297.614,628225.0696,0.199365329,0.800634671
2025-05-01,B DIVISION,C,offpeak,2956786.899,1.347730268,0.466887272,3984951.201,1380486.17,418226.7955,0.141446377,0.858553623
2025-05-01,B DIVISION,C,peak,2590409.068,1.246679772,0.141450862,3229410.586,366415.5959,322048.2431,0.124323315,0.875676685
2025-05-01,B DIVISION,D,offpeak,3169322.544,1.422250336,0.661903926,4507570.053,2097787.036,682874.6997,0.215463933,0.784536067
2025-05-01,B DIVISION,D,peak,3104580.248,1.277962605,0.5200762,3967537.46,1614618.297,579272.364,0.186586372,0.813413628
2025-05-01,B DIVISION,E,offpeak,4107624.801,1.098602025,0.498507428,4512644.924,2047681.475,649985.4907,0.158238769,0.841761231
2025-05-01,B DIVISION,E,peak,4509727.24,0.895297677,-0.301922216,4037548.322,-1361586.842,428449.145,0.095005556,0.904994444
2025-05-01,B DIVISION,F,offpeak,4702801.84,1.598578807,0.225550879,7517799.356,1060721.09,923051.8827,0.19627701,0.80372299
2025-05-01,B DIVISION,F,peak,5338609.602,1.363573172,-0.452097325,7279584.826,-2413571.121,748084.397,0.140127197,0.859872803
2025-05-01,B DIVISION,G,offpeak,1618999.376,1.127518892,1.066537392,1825452.383,1726723.372,269873.8451,0.166691754,0.833308246
2025-05-01,B DIVISION,G,peak,1806448.395,1.033935441,0.890967306,1867751.017,1609486.459,303759.3966,0.168152823,0.831847177
2025-05-01,B DIVISION,JZ,offpeak,1722472.101,1.275266947,0.315919662,2196611.737,544162.8031,308007.1835,0.178816936,0.821183064
2025-05-01,B DIVISION,JZ,peak,1798488.875,1.328154062,0.406783961,2388670.305,731596.4291,321915.0155,0.178991942,0.821008058
2025-05-01,B DIVISION,L,offpeak,3515771.684,1.001656493,0.724689337,3521595.535,2547842.252,365106.83,0.103848277,0.896151723
2025-05-01,B DIVISION,L,peak,3668402.514,1.517264838,0.752888144,5565938.145,2761896.76,416920.8294,0.113651876,0.886348124
2025-05-01,B DIVISION,M,offpeak,2376553.461,1.75997667,0.213436607,4182678.647,507243.5076,474185.4771,0.199526535,0.800473465
2025-05-01,B DIVISION,M,peak,2762656.191,1.846216323,0.092567778,5100460.954,255732.9456,525384.0181,0.190173508,0.809826492
2025-05-01,B DIVISION,N,offpeak,2991364.497,1.382441796,0.600058817,4135387.308,1794994.64,535601.2082,0.179049129,0.820950871
2025-05-01,B DIVISION,N,peak,3275031.352,1.281311966,0.302459416,4196336.861,990564.0697,483483.6453,0.147627181,0.852372819
2025-05-01,B DIVISION,Q,offpeak,3633774.174,1.446771142,0.593945693,5257239.612,2158264.52,707151.0501,0.194605118,0.805394882
2025-05-01,B DIVISION,Q,peak,3995258.807,1.328695102,0.742526573,5308480.808,2966585.832,758485.5281,0.189846407,0.810153593
2025-05-01,B DIVISION,R,offpeak,4104037.71,1.589916195,0.197656515,6525076.02,811189.7914,787026.2632,0.19176877,0.80823123
2025-05-01,B DIVISION,R,peak,4660743.215,1.361116352,0.027387653,6343813.803,127646.8165,686119.8108,0.147212532,0.852787468
2025-05-01,B DIVISION,S Fkln,offpeak,212599.396,0.456102604,0.005063682,96967.13821,1076.535799,9592.914258,0.04512202,0.95487798
2025-05-01,B DIVISION,S Fkln,peak,209609.5697,0.281178689,0.021964069,58937.74409,4603.878991,8279.001909,0.039497252,0.960502748
2025-05-01,B DIVISION,S Rock,offpeak,5254.289508,1.017855366,-0.041455285,5348.106768,-217.8180684,522.6786911,0.099476569,0.900523431
2025-05-01,B DIVISION,S Rock,peak,5562.766741,0.068780896,-0.159675879,382.6120811,-888.2396717,351.5727279,0.063201055,0.936798945
2025-05-01,B DIVISION,W,offpeak,1521579.412,1.009430084,0.217545859,1535928.034,331013.2996,184171.8121,0.121039895,0.878960105
2025-05-01,B DIVISION,W,peak,1857779.763,0.756790762,-0.071781675,1405950.563,-133354.5438,138994.8607,0.074817728,0.925182272
2025-06-01,A DIVISION,1,offpeak,5156152.542,0.926958148,0.520693721,4779537.613,2684776.253,571997.028,0.110934854,0.889065146
2025-06-01,A DIVISION,1,peak,5586580.344,0.950016993,0.549688708,5307346.262,3070880.133,509527.3338,0.091205586,0.908794414
2025-06-01,A DIVISION,2,offpeak,3318757.102,1.283692808,0.443939499,4260264.624,1473327.366,525645.3794,0.158386216,0.841613784
2025-06-01,A DIVISION,2,peak,3882366.664,1.090190887,0.355599353,4232520.758,1380567.075,471856.9143,0.121538473,0.878461527
2025-06-01,A DIVISION,3,offpeak,2578152.929,1.094215982,0.434155102,2821056.14,1119318.247,326719.872,0.126726335,0.873273665
2025-06-01,A DIVISION,3,peak,2914865.412,0.898477033,0.458583442,2618939.626,1336709.014,314297.306,0.107825667,0.892174333
2025-06-01,A DIVISION,4,offpeak,4090442.439,1.040659671,0.424974527,4256758.481,1738333.84,557206.5369,0.136221581,0.863778419
2025-06-01,A DIVISION,4,peak,4339453.096,0.888959314,0.284292094,3857597.248,1233672.207,458786.9327,0.105724598,0.894275402
2025-06-01,A DIVISION,5,offpeak,2868807.55,1.127657612,0.443441781,3235032.671,1272149.13,401566.0331,0.139976637,0.860023363
2025-06-01,A DIVISION,5,peak,3612980.1,1.019203736,0.209603594,3682362.815,757293.6133,408606.5945,0.113094062,0.886905938
2025-06-01,A DIVISION,6,offpeak,5496059.359,0.994187764,0.393580416,5464114.966,2163141.33,521056.0333,0.094805387,0.905194613
2025-06-01,A DIVISION,6,peak,5924949.695,1.027782743,0.421052052,6089561.051,2494712.227,536703.7208,0.090583676,0.909416324
2025-06-01,A DIVISION,7,offpeak,4783042.903,1.426305349,0.941524249,6822079.678,4503350.878,726487.4976,0.151888142,0.848111858
2025-06-01,A DIVISION,7,peak,5209155.031,1.987456698,0.579453201,10352970.06,3018461.557,599218.1365,0.115031734,0.884968266
2025-06-01,A DIVISION,S 42nd,offpeak,644473.7783,0.457334137,-0.121201185,294739.8591,-78110.98545,11860.45302,0.018403314,0.981596686
2025-06-01,A DIVISION,S 42nd,peak,876470.7554,0.426018976,-0.124132787,373393.1735,-108798.7579,1382.603011,0.001577466,0.998422534
2025-06-01,B DIVISION,A,offpeak,3990281.71,1.4968098,0.717307348,5972692.77,2862258.391,855524.1068,0.214401932,0.785598068
2025-06-01,B DIVISION,A,peak,4878289.99,0.959796841,0.069097341,4682167.32,337076.8649,632705.7556,0.129698267,0.870301733
2025-06-01,B DIVISION,B,offpeak,2486227.471,1.453839763,0.984654306,3614576.357,2448074.586,534829.6532,0.215116943,0.784883057
2025-06-01,B DIVISION,B,peak,3057430.16,1.363121814,0.809673302,4167649.746,2475519.572,634863.5166,0.207646122,0.792353878
2025-06-01,B DIVISION,C,offpeak,2844286.937,1.724151258,0.56820053,4903980.9,1616125.346,483303.7842,0.169920896,0.830079104
2025-06-01,B DIVISION,C,peak,2527398.227,1.334875123,0.185887569,3373761.018,469811.9133,356445.0427,0.141032402,0.858967598
2025-06-01,B DIVISION,D,offpeak,2911124.917,1.29207318,0.693708095,3761386.429,2019470.919,627553.5834,0.215570819,0.784429181
2025-06-01,B DIVISION,D,peak,2887651.399,0.958496345,0.31123234,2767803.311,898730.5029,497587.0067,0.17231547,0.82768453
2025-06-01,B DIVISION,E,offpeak,3704490.662,1.185092185,1.050601404,4390162.931,3891943.09,678272.798,0.183094752,0.816905248
2025-06-01,B DIVISION,E,peak,4073885.648,0.897721938,0.342985747,3657216.52,1397284.711,513295.0681,0.125996435,0.874003565
2025-06-01,B DIVISION,F,offpeak,4455401.719,1.6043437,0.531493554,7147995.68,2368017.296,910218.6619,0.204295531,0.795704469
2025-06-01,B DIVISION,F,peak,5068703.162,1.371795225,0.11817398,6953222.797,598988.8248,770043.676,0.151921241,0.848078759
2025-06-01,B DIVISION,G,offpeak,1578413.278,1.731056798,1.064192194,2732323.035,1679735.09,291136.8977,0.184449093,0.815550907
2025-06-01,B DIVISION,G,peak,1773508.795,1.085404233,0.818258153,1924973.954,1451188.031,310640.4457,0.175155853,0.824844147
2025-06-01,B DIVISION,JZ,offpeak,1650273.064,1.490330958,0.599334242,2459453.038,989065.1563,328321.8225,0.198949998,0.801050002
2025-06-01,B DIVISION,JZ,peak,1719963.232,1.372434028,0.591540581,2360536.067,1017428.051,354140.1082,0.205899813,0.794100187
2025-06-01,B DIVISION,L,offpeak,3275429.783,1.057002147,0.630697347,3462136.314,2065804.873,328389.6905,0.100258504,0.899741496
2025-06-01,B DIVISION,L,peak,3454999.652,0.993240587,0.606774031,3431645.882,2096404.067,323778.7619,0.09371311,0.90628689
2025-06-01,B DIVISION,M,offpeak,2314164.761,2.648169362,0.260410023,6128300.218,602631.6997,478956.2291,0.206967212,0.793032788
2025-06-01,B DIVISION,M,peak,2568546.593,1.566241955,0.163252075,4022965.437,419320.5608,441008.6985,0.171695814,0.828304186
2025-06-01,B DIVISION,N,offpeak,2864691.065,1.392996953,0.743878543,3990505.924,2130982.216,556034.05,0.194099132,0.805900868
2025-06-01,B DIVISION,N,peak,3142911.941,1.183622879,0.203709157,3720022.481,640239.9412,460331.3979,0.146466527,0.853533473
2025-06-01,B DIVISION,Q,offpeak,3321179.423,1.451560063,0.74145786,4820891.414,2462514.588,667351.306,0.200938047,0.799061953
2025-06-01,B DIVISION,Q,peak,3647249.779,1.290050776,0.710164671,4705137.408,2590147.941,686738.3728,0.188289373,0.811710627
2025-06-01,B DIVISION,R,offpeak,3959845.789,1.429277173,0.243778081,5659717.193,965323.6091,712086.8958,0.179826926,0.820173074
2025-06-01,B DIVISION,R,peak,4570856,1.061843604,0.018312911,4853534.21,83705.67973,614897.6923,0.13452572,0.86547428
2025-06-01,B DIVISION,S Fkln,offpeak,206625.0533,0.430699984,-0.028670445,88993.40726,-5924.032193,8914.376116,0.043142765,0.956857235
2025-06-01,B DIVISION,S Fkln,peak,200392.1868,0.704357225,-0.024925638,141147.6845,-4994.903035,9521.915123,0.047516399,0.952483601
2025-06-01,B DIVISION,S Rock,offpeak,21978.21281,1.461367955,0.130943631,32118.25592,2877.906991,4346.627633,0.19776984,0.80223016
2025-06-01,B DIVISION,S Rock,peak,16978.73474,1.130722027,-0.883230062,19198.22936,-14996.12894,1989.335493,0.117166298,0.882833702
2025-06-01,B DIVISION,W,offpeak,1650868.759,1.083170427,0.386778739,1788172.218,638520.9373,206798.7255,0.125266605,0.874733395
2025-06-01,B DIVISION,W,peak,1832252.308,0.652230391,-0.058888055,1195050.64,-107897.7754,143785.8689,0.078474929,0.921525071
2025-07-01,A DIVISION,1,offpeak,5808637.666,1.864353432,0.810584876,10829353.57,4708393.844,817236.1951,0.140693264,0.859306736
2025-07-01,A DIVISION,1,peak,6062211.268,1.602793456,0.64215854,9716472.548,3892900.739,744009.6738,0.12272909,0.87727091
2025-07-01,A DIVISION,2,offpeak,3745946.176,1.633084643,0.618124505,6117447.173,2315461.124,621880.5907,0.166014289,0.833985711
2025-07-01,A DIVISION,2,peak,3969994.453,1.108740993,0.366394569,4401695.594,1454584.407,525912.6951,0.132471897,0.867528103
2025-07-01,A DIVISION,3,offpeak,2912009.895,1.328321748,0.619492941,3868086.072,1803969.573,379241.2031,0.130233487,0.869766513
2025-07-01,A DIVISION,3,peak,3153004.953,0.972452345,0.585555372,3066147.06,1846258.988,380582.1654,0.120704588,0.879295412
2025-07-01,A DIVISION,4,offpeak,4626692.487,0.876413233,0.472616484,4054894.52,2186651.137,585992.1619,0.12665466,0.87334534
2025-07-01,A DIVISION,4,peak,4860423.725,0.672174768,0.048896116,3267054.19,237655.84,387928.7914,0.07981378,0.92018622
2025-07-01,A DIVISION,5,offpeak,3130691.191,1.001065815,0.374677962,3134027.928,1173000.995,406280.9558,0.129773565,0.870226435
2025-07-01,A DIVISION,5,peak,3717645.51,0.822983352,-0.150528277,3059560.362,-559610.7726,330689.9746,0.088951454,0.911048546
2025-07-01,A DIVISION,6,offpeak,6072893.841,1.043706227,0.417739134,6338317.115,2536885.417,631165.8672,0.103931648,0.896068352
2025-07-01,A DIVISION,6,peak,6464125.566,0.948323737,0.341731013,6130083.711,2208992.177,507460.8342,0.078504173,0.921495827
2025-07-01,A DIVISION,7,offpeak,5495562.797,1.477885278,0.875256309,8121811.349,4810026.01,693468.2681,0.126186943,0.873813057
2025-07-01,A DIVISION,7,peak,5610117.422,1.665735839,0.527525261,9344973.65,2959478.659,568964.3016,0.101417539,0.898582461
2025-07-01,A DIVISION,S 42nd,offpeak,778777.2131,0.384715392,-0.134810108,299607.5806,-104987.0405,12314.42639,0.015812515,0.984187485
2025-07-01,A DIVISION,S 42nd,peak,981540.4146,0.397072214,-0.137817063,389742.4254,-135273.0176,3347.811686,0.003410773,0.996589227
2025-07-01,B DIVISION,A,offpeak,4520906.842,1.421664586,0.730051659,6427213.154,3300495.541,950291.274,0.21019926,0.78980074
2025-07-01,B DIVISION,A,peak,5273097.566,1.15787857,0.378759891,6105606.67,1997237.857,788557.9497,0.149543592,0.850456408
2025-07-01,B DIVISION,B,offpeak,2780940.782,2.539875565,1.53578829,7063243.541,4270936.288,714648.1803,0.256980726,0.743019274
2025-07-01,B DIVISION,B,peak,3299863.659,2.704813552,1.494113696,8925515.945,4930371.488,859859.7246,0.260574319,0.739425681
2025-07-01,B DIVISION,C,offpeak,3325457.038,1.650881711,0.577499509,5489936.204,1920449.806,575616.8397,0.173094054,0.826905946
2025-07-01,B DIVISION,C,peak,2786762.281,1.670133539,0.381866287,4654265.15,1064170.565,466105.5377,0.167257014,0.832742986
2025-07-01,B DIVISION,D,offpeak,3223895.058,2.067287798,0.838134984,6664718.913,2702059.234,797754.1121,0.247450397,0.752549603
2025-07-01,B DIVISION,D,peak,3014479.256,2.395024941,1.015078128,7219753.002,3059931.959,711956.0186,0.236178775,0.763821225
2025-07-01,B DIVISION,E,offpeak,4497706.119,1.56110112,1.474424431,7021374.06,6631527.783,1078298.97,0.239744203,0.760255797
2025-07-01,B DIVISION,E,peak,4897470.467,1.552459784,0.793083087,7603125.941,3884100.998,867835.204,0.177200702,0.822799298
2025-07-01,B DIVISION,F,offpeak,5295381.603,2.084393809,0.897950878,11037660.63,4754992.56,1316440.913,0.248601708,0.751398292
2025-07-01,B DIVISION,F,peak,5715070.133,2.578160077,0.701480683,14734365.65,4009011.299,1182683.866,0.206941269,0.793058731
2025-07-01,B DIVISION,G,offpeak,1700772.821,1.081245404,0.842604819,1838952.797,1433079.375,283327.9617,0.166587776,0.833412224
2025-07-01,B DIVISION,G,peak,1829512.597,1.307814981,0.652233194,2392663.981,1193268.844,356565.4648,0.194896425,0.805103575
2025-07-01,B DIVISION,JZ,offpeak,1851931.282,1.17305805,0.442566934,2172422.898,819603.5496,335895.1546,0.181375604,0.818624396
2025-07-01,B DIVISION,JZ,peak,1876187.896,1.147195137,0.42375612,2152353.632,795046.1026,324318.1273,0.172860153,0.827139847
2025-07-01,B DIVISION,L,offpeak,4138344.007,1.114896607,0.632934212,4613825.692,2619299.501,406168.7934,0.098147663,0.901852337
2025-07-01,B DIVISION,L,peak,4061439.723,1.47023662,0.670429042,5971277.412,2722907.143,348459.861,0.085797127,0.914202873
2025-07-01,B DIVISION,M,offpeak,2511343.857,3.137888604,0.368622591,7880317.269,925738.0806,574558.5109,0.228785281,0.771214719
2025-07-01,B DIVISION,M,peak,2759330.506,2.776044602,0.452488112,7660024.557,1248564.252,605839.0428,0.219560158,0.780439842
2025-07-01,B DIVISION,N,offpeak,3215330.412,1.426393379,0.762478038,4586326.011,2451618.824,651323.3135,0.202568082,0.797431918
2025-07-01,B DIVISION,N,peak,3450356.947,1.481110335,0.805332965,5110359.334,2778686.19,652308.0729,0.189055244,0.810944756
2025-07-01,B DIVISION,Q,offpeak,4090370.276,1.652850307,0.89878936,6760769.769,3676381.284,913684.936,0.223374627,0.776625373
2025-07-01,B DIVISION,Q,peak,4193380.889,1.716177117,1.221663151,7196584.324,5122898.908,964336.45,0.229966339,0.770033661
2025-07-01,B DIVISION,R,offpeak,4397209.914,1.58256793,0.445527415,6958883.39,1959077.566,822571.9196,0.187066785,0.812933215
2025-07-01,B DIVISION,R,peak,4840921.42,1.549029802,0.404731294,7498731.547,1959272.389,822634.5327,0.169933461,0.830066539
2025-07-01,B DIVISION,S Fkln,offpeak,252818.381,0.432804696,-0.085049557,109420.9825,-21502.09133,8947.619739,0.035391492,0.964608508
2025-07-01,B DIVISION,S Fkln,peak,223609.5086,0.353915562,-0.073159651,79138.88497,-16359.19353,9668.165688,0.043236827,0.956763173
2025-07-01,B DIVISION,S Rock,offpeak,55155.82903,1.890728977,0.023135069,104284.7242,1276.03392,10729.70998,0.19453447,0.80546553
2025-07-01,B DIVISION,S Rock,peak,33534.88742,1.262252335,-1.14036398,42329.48995,-38241.9777,4600.442469,0.137183776,0.862816224
2025-07-01,B DIVISION,W,offpeak,1867209.738,0.78993681,0.375652163,1474977.703,701421.3766,218923.0849,0.117246114,0.882753886
2025-07-01,B DIVISION,W,peak,1880763.982,1.122741056,0.275667788,2111610.939,518466.0463,210869.6142,0.112119126,0.887880874
